,CT_ID_10,NAME10,NAMELSAD10,INTPTLAT10,INTPTLON10,AREA_SQFT,AREA_ACRES,POP100_RE,HU100_RE,units,Poccupied,Pvacant,medyrblt,homeownership,ownmedval,prentocc,grossrent,medincome,ppubassis,pfampov,punemploy,GINI,totalpop,propwhite,propblack,propNA,propasian,proppacisl,propother,proptwoplus,prophisp,propimmigrant,popdens,sexratio,punder18,p18to34,p35to64,p65older,Type,Res,BRA_PD,City_Council,WARD,Police_District,Fire_District
1,25025000100,1,Census Tract 1,42.3614845,-71.1385879,19319283.08,443.5097,4254,1707,1681,0.898,0.102,1939,0.246,348200,0.74,1507,53571,0.012,0.079,0.213,0.447,3607,0.673,0.038,0,0.098,0,0.002,0.013,0.176,0.29,5204.673,0.975,0.108,0.386,0.398,0.108,I,0,Allston/Brighton,9,22,14,11
2,25025000201,2.01,Census Tract 2.01,42.3540662,-71.1611678,6451197.13,148.0991,3854,1618,1567,0.867,0.133,1939,0.294,532000,0.664,1585,65506,0.031,0.063,0.025,0.343,3140,0.68,0.039,0,0.092,0,0.012,0.008,0.169,0.251,13568.34,1.24,0.064,0.542,0.299,0.095,R,1,Allston/Brighton,9,22,14,11
3,25025000202,2.02,Census Tract 2.02,42.3526051,-71.1543443,6475526.57,148.6576,3885,1522,1498,0.905,0.095,1939,0.329,432800,0.649,1420,54607,0.055,0.135,0.051,0.358,3664,0.537,0.085,0,0.173,0,0.028,0.005,0.172,0.362,15773.16,1.029,0.134,0.441,0.319,0.106,R,1,Allston/Brighton,9,22,14,11
4,25025000301,3.01,Census Tract 3.01,42.3541442,-71.1688266,6159816.07,141.4099,2740,1219,1243,0.863,0.137,1939,0.437,409700,0.536,1692,89688,0.021,0.12,0.077,0.453,2671,0.822,0.018,0,0.107,0,0,0,0.053,0.152,12087.67,1.151,0.105,0.443,0.319,0.134,R,1,Allston/Brighton,9,22,14,11
5,25025000302,3.02,Census Tract 3.02,42.3472584,-71.1676863,6845240.11,157.1451,3142,1346,1313,0.938,0.062,1958,0.536,322200,0.419,1546,69438,0.023,0.12,0.084,0.428,2989,0.775,0.023,0,0.147,0,0.018,0.003,0.033,0.345,13123.63,1.018,0.112,0.475,0.301,0.112,R,1,Allston/Brighton,9,22,14,11
6,25025000401,4.01,Census Tract 4.01,42.3438495,-71.1492929,4639384.1,106.5056,5672,2965,2892,0.93,0.07,1943,0.128,404500,0.864,1253,35050,0.069,0.147,0.23,0.514,5151,0.673,0.053,0,0.184,0,0.002,0.004,0.085,0.374,30950.57,1.616,0.108,0.497,0.162,0.233,R,1,Allston/Brighton,9,21,14,11
7,25025000402,4.02,Census Tract 4.02,42.3441742,-71.1588288,8683342.13,199.3421,3648,1543,1490,0.948,0.052,1939,0.333,442800,0.65,1616,57064,0.005,0.032,0.036,0.429,3792,0.754,0.018,0,0.174,0,0,0.007,0.047,0.183,12173.6,0.93,0.142,0.54,0.221,0.097,I,0,Allston/Brighton,9,22,14,11
8,25025000502,5.02,Census Tract 5.02,42.3315048,-71.1574973,12898832.45,296.1164,6303,2041,1973,0.867,0.133,1939,0.172,322800,0.828,1466,43064,0.025,0.144,0.058,0.404,5093,0.726,0.021,0,0.137,0.001,0,0.016,0.098,0.139,15269.1,1.413,0.019,0.787,0.134,0.06,P,0,Allston/Brighton,9,21,14,11
9,25025000503,5.03,Census Tract 5.03,42.339636,-71.1500992,1497746.66,34.3835,2211,1408,1322,0.895,0.105,1939,0.256,241700,0.665,1557,56349,0.037,0.122,0.049,0.341,1859,0.783,0.014,0,0.103,0,0,0.038,0.062,0.188,34599.93,1.671,0.008,0.748,0.165,0.079,R,1,Allston/Brighton,9,21,14,11
10,25025000504,5.04,Census Tract 5.04,42.3414718,-71.1438264,3586159.72,82.3269,4985,2726,3000,0.904,0.096,1939,0.149,316400,0.839,1413,36339,0.014,0.15,0.076,0.52,4635,0.737,0.046,0.008,0.122,0,0.006,0.027,0.054,0.285,36029.6,1.33,0.008,0.63,0.182,0.181,R,1,Allston/Brighton,9,21,14,11
11,25025000601,6.01,Census Tract 6.01,42.350982,-71.1457225,5328243.45,122.3196,3571,1525,1508,0.845,0.155,1939,0.308,366100,0.676,1610,56477,0.02,0.051,0.06,0.468,3125,0.679,0.009,0,0.196,0,0.021,0.012,0.083,0.221,16349.48,1.157,0.088,0.539,0.266,0.107,R,1,Allston/Brighton,9,22,14,11
12,25025000602,6.02,Census Tract 6.02,42.3492514,-71.142457,6455495.77,148.1978,3974,2035,2071,0.947,0.053,1939,0.111,235000,0.886,1103,25574,0.06,0.258,0.055,0.566,3859,0.587,0.089,0.005,0.136,0,0.003,0.03,0.15,0.337,16664.13,1.303,0.118,0.53,0.211,0.141,R,1,Allston/Brighton,9,21,14,11
13,25025000701,7.01,Census Tract 7.01,42.3469581,-71.1379847,2480202.83,56.9376,4446,2359,2244,0.889,0.111,1939,0.132,296500,0.868,1387,46796,0.026,0.215,0.091,0.436,3917,0.731,0.022,0,0.159,0,0.008,0.026,0.053,0.328,44025.74,1.043,0.026,0.711,0.231,0.032,R,1,Allston/Brighton,9,21,14,11
14,25025000703,7.03,Census Tract 7.03,42.351329,-71.1282159,1916064.65,43.9868,2791,1418,1377,0.9,0.1,1939,0.021,270500,0.968,1332,20811,0.018,0,0.053,0.402,2892,0.7,0.073,0,0.186,0,0,0,0.041,0.21,42075.3,0.786,0.011,0.885,0.094,0.011,R,1,Allston/Brighton,9,21,14,11
15,25025000704,7.04,Census Tract 7.04,42.3500029,-71.1334045,2580833.98,59.2478,4801,2405,2394,0.931,0.069,1941,0.123,320400,0.877,1289,46782,0.02,0.202,0.079,0.422,4301,0.601,0.051,0,0.177,0,0.003,0.016,0.152,0.36,46457.14,0.92,0.033,0.718,0.223,0.026,R,1,Allston/Brighton,9,21,14,11
16,25025000802,8.02,Census Tract 8.02,42.3568717,-71.1297576,10520753.59,241.5233,8136,3129,3022,0.888,0.112,1939,0.159,435200,0.831,1726,37951,0.045,0.154,0.082,0.435,8050,0.528,0.051,0,0.141,0,0.015,0.029,0.237,0.299,21329.86,0.851,0.058,0.73,0.185,0.027,I,0,Allston/Brighton,9,22,14,11
17,25025000803,8.03,Census Tract 8.03,42.3594775,-71.1212626,12465804.76,286.1755,6584,946,848,0.914,0.086,1976,0.013,0,0.987,1730,31414,0.005,0.299,0,0,5134,0.643,0.047,0,0.163,0.003,0.001,0.016,0.127,0.221,11480.83,1.285,0.033,0.904,0.045,0.019,I,0,Allston/Brighton,9,22,14,11
18,25025010103,101.03,Census Tract 101.03,42.3497818,-71.1034479,2938702.47,67.4633,4569,528,468,0.991,0.009,1972,0.075,312500,0.901,1430,18542,0.011,0,0.151,0.484,4169,0.668,0.046,0.002,0.211,0.001,0.001,0.022,0.051,0.163,39547.23,1.424,0.008,0.948,0.04,0.004,I,0,Fenway/Kenmore,8,21,4,4
19,25025010104,101.04,Census Tract 101.04,42.3494322,-71.0937501,3086172.34,70.8488,4804,2136,2112,0.839,0.161,1939,0.241,517900,0.754,1434,28098,0.014,0.112,0.086,0.385,4617,0.684,0.029,0,0.193,0,0.007,0.015,0.071,0.251,42805.81,1.206,0.018,0.754,0.145,0.083,I,0,Fenway/Kenmore,8,5,4,4
20,25025010203,102.03,Census Tract 102.03,42.3453168,-71.096804,3942467.47,90.5066,5569,3663,3500,0.901,0.099,1956,0.069,265000,0.912,1622,32485,0.014,0.053,0.111,0.54,4723,0.74,0.043,0.002,0.118,0,0.002,0.006,0.09,0.268,33504,1.139,0.027,0.705,0.215,0.053,I,0,Fenway/Kenmore,8,5,4,4
21,25025010204,102.04,Census Tract 102.04,42.3462887,-71.1033879,2741497.18,62.9361,3173,1283,1250,0.818,0.182,1939,0.145,587300,0.855,1507,31183,0,0.31,0.182,0.523,3245,0.68,0.035,0,0.197,0,0.01,0.015,0.063,0.202,32996.91,1.381,0.004,0.88,0.105,0.011,I,0,Fenway/Kenmore,8,21,4,4
22,25025010300,103,Census Tract 103,42.3394252,-71.1017927,5480700.06,125.8196,4861,416,297,0.956,0.044,1939,0.169,325000,0.82,1334,26842,0.077,0.292,0.077,0.38,4967,0.719,0.074,0.002,0.119,0,0.015,0.027,0.044,0.126,25263.69,1.946,0.024,0.953,0.021,0.002,I,0,Fenway/Kenmore,8,4,2,9
23,25025010403,104.03,Census Tract 104.03,42.345075,-71.088061,953147.47,21.8813,3003,2076,2024,0.943,0.057,1958,0.038,272100,0.952,1357,15647,0.027,0.211,0.185,0.508,2933,0.524,0.125,0,0.232,0,0.007,0.03,0.083,0.403,85781.14,0.727,0.022,0.659,0.173,0.146,I,0,Fenway/Kenmore,8,4,4,4
24,25025010404,104.04,Census Tract 104.04,42.3419667,-71.0886375,1472713.92,33.8089,5817,1862,1794,0.904,0.096,1939,0.06,427800,0.94,1598,15274,0.006,0.132,0.098,0.38,6186,0.719,0.053,0.001,0.142,0,0.007,0.012,0.065,0.188,117092.6,0.853,0.012,0.913,0.066,0.009,I,0,Fenway/Kenmore,7,4,4,4
25,25025010405,104.05,Census Tract 104.05,42.3398654,-71.0896052,3914567.54,89.8661,5522,994,1037,0.979,0.021,1939,0.051,120000,0.94,886,12921,0.021,0.297,0.071,0.427,5685,0.655,0.119,0,0.137,0.003,0.014,0.021,0.052,0.204,40483.92,1.192,0.011,0.836,0.096,0.058,I,0,Fenway/Kenmore,7,4,4,4
26,25025010408,104.08,Census Tract 104.08,42.3431682,-71.0958461,466915.08,10.7189,1426,961,940,1,0,1939,0.093,403300,0.901,1522,51053,0.005,0,0.046,0.432,1365,0.704,0.027,0,0.179,0,0.026,0.012,0.053,0.184,81494.98,1.001,0.025,0.847,0.097,0.031,I,0,Fenway/Kenmore,8,5,4,4
27,25025010500,105,Census Tract 105,42.3445637,-71.0845748,2137658.05,49.0739,3044,1767,1784,0.948,0.052,1939,0.103,722200,0.897,1817,39628,0,0.174,0.054,0.426,3309,0.675,0.096,0.002,0.146,0,0,0.019,0.062,0.273,45457.67,0.959,0.01,0.662,0.173,0.154,I,0,Fenway/Kenmore,7,4,4,4
28,25025010600,106,Census Tract 106,42.3476385,-71.0793851,3654163.73,83.8881,2858,2325,2093,0.859,0.141,1972,0.161,742300,0.83,2001,84097,0.008,0.03,0.095,0.337,2847,0.812,0.056,0,0.056,0,0,0,0.076,0.123,21718.96,1.074,0.053,0.409,0.299,0.24,I,0,Back Bay/Beacon Hill,2,4,4,4
29,25025010701,107.01,Census Tract 107.01,42.3497223,-71.0838808,2177562.16,49.9899,2478,1599,1672,0.909,0.091,1939,0.239,849600,0.736,1834,95333,0.032,0,0.124,0.388,2593,0.798,0.011,0,0.1,0,0,0.026,0.064,0.207,33194.63,0.818,0.061,0.636,0.26,0.043,R,1,Back Bay/Beacon Hill,8,5,4,4
30,25025010702,107.02,Census Tract 107.02,42.3518354,-71.0755159,3228780.12,74.1226,2400,1643,1544,0.832,0.168,1939,0.512,757700,0.475,1722,93828,0,0.054,0.074,0.417,2175,0.867,0.002,0.002,0.033,0,0.002,0.007,0.087,0.143,18778.6,1.277,0.04,0.43,0.4,0.131,R,1,Back Bay/Beacon Hill,8,5,4,4
31,25025010801,108.01,Census Tract 108.01,42.3541193,-71.0770216,1376667.12,31.6039,2783,1899,1831,0.879,0.121,1939,0.635,977500,0.338,1707,158125,0.008,0,0.032,0.425,3093,0.82,0.008,0,0.099,0,0,0.006,0.067,0.163,62631.12,1.038,0.091,0.341,0.442,0.126,R,1,Back Bay/Beacon Hill,8,5,4,4
32,25025010802,108.02,Census Tract 108.02,42.3515181,-71.0856803,1673329.62,38.4144,3059,2106,2038,0.888,0.112,1939,0.386,665200,0.602,1582,91324,0,0,0.083,0.355,2970,0.875,0.023,0,0.062,0,0,0.011,0.03,0.152,49478.44,1.166,0.078,0.536,0.241,0.144,R,1,Back Bay/Beacon Hill,8,5,4,4
33,25025020101,201.01,Census Tract 201.01,42.3577086,-71.0694112,2401692.52,55.1353,4193,2814,2903,0.903,0.097,1939,0.4,864000,0.582,1677,96847,0,0,0.036,0.454,4199,0.938,0.013,0.006,0.025,0,0.013,0,0.004,0.106,48737.39,1.259,0.142,0.362,0.367,0.129,R,1,Back Bay/Beacon Hill,8,5,1,3
34,25025020200,202,Census Tract 202,42.3603354,-71.0686334,1258118.25,28.8824,3649,2478,2412,0.925,0.075,1939,0.234,574800,0.759,1676,71875,0.008,0.108,0.098,0.396,4088,0.847,0.023,0.011,0.091,0,0.003,0.003,0.023,0.127,90577.46,1.336,0.061,0.721,0.177,0.042,R,1,Back Bay/Beacon Hill,8,5,1,3
35,25025020301,203.01,Census Tract 203.01,42.3631745,-71.0686463,2761716.23,63.4003,2023,1414,1318,0.955,0.045,1972,0.187,353100,0.803,1977,74779,0,0.133,0.053,0.346,2052,0.702,0.029,0,0.226,0,0,0,0.043,0.294,20739.47,1.048,0.031,0.438,0.312,0.219,D,0,Central,8,3,1,3
36,25025020302,203.02,Census Tract 203.02,42.3593442,-71.0639956,826400.6,18.9715,1181,721,735,0.897,0.103,1939,0.439,556500,0.561,1757,88750,0.008,0,0.239,0.453,1203,0.924,0.027,0,0.023,0,0,0.021,0.006,0.088,40579.25,0.809,0.127,0.443,0.303,0.127,R,1,Back Bay/Beacon Hill,8,5,1,3
37,25025020303,203.03,Census Tract 203.03,42.36596,-71.0634677,4830892.13,110.902,3400,1847,1759,0.911,0.089,1974,0.342,428400,0.644,2001,83701,0.009,0.036,0.064,0.351,3140,0.683,0.112,0.006,0.111,0.002,0.004,0.023,0.059,0.146,18119.07,0.81,0.092,0.404,0.414,0.089,D,0,Central,8,3,1,3
38,25025030100,301,Census Tract 301,42.3669462,-71.0561502,821725.44,18.8642,1954,1377,1359,0.856,0.144,1939,0.197,378700,0.803,1371,57902,0.008,0.149,0.107,0.386,2062,0.913,0.054,0,0.014,0,0.004,0.004,0.01,0.115,69952,1.096,0.033,0.631,0.23,0.105,D,0,Central,1,3,1,3
39,25025030200,302,Census Tract 302,42.3645208,-71.056975,718033.85,16.4838,1665,1103,1090,0.971,0.029,1939,0.109,494900,0.859,1460,68140,0.025,0,0.099,0.499,1717,0.899,0.007,0,0.058,0,0,0.017,0.02,0.142,66660.81,1.011,0.006,0.68,0.198,0.116,D,0,Central,1,3,1,3
40,25025030300,303,Census Tract 303,42.3600562,-71.0532861,7441425.2,170.8316,4872,2960,3232,0.855,0.145,1967,0.406,681000,0.573,2001,123386,0.011,0.029,0.036,0.42,5164,0.795,0.067,0.002,0.04,0,0.01,0.015,0.072,0.164,19345.01,0.877,0.06,0.342,0.405,0.194,D,0,Central,1,3,1,3
41,25025030400,304,Census Tract 304,42.3644367,-71.0541678,1169226.18,26.8417,2451,1659,1612,0.936,0.064,1939,0.258,489200,0.714,1407,67292,0.012,0,0.068,0.409,2573,0.955,0.005,0,0.026,0,0,0.007,0.007,0.059,61343.39,1.239,0.056,0.612,0.249,0.084,D,0,Central,1,3,1,3
42,25025030500,305,Census Tract 305,42.3675368,-71.0519594,2052881.84,47.1277,2538,1656,1612,0.976,0.024,1939,0.37,655900,0.63,1829,102218,0.006,0.017,0.072,0.572,2748,0.925,0.003,0,0.023,0,0,0.013,0.035,0.124,37315.25,1.065,0.075,0.545,0.303,0.076,D,0,Central,1,3,1,3
43,25025040100,401,Census Tract 401,42.372998,-71.0601499,2791324.87,64.08,2168,1239,1218,0.946,0.054,1939,0.513,649000,0.487,1842,132885,0,0,0.145,0.399,2190,0.942,0,0,0.031,0,0,0.016,0.011,0.107,21871.1,0.993,0.147,0.337,0.384,0.132,R,1,Charlestown,1,2,15,3
44,25025040200,402,Census Tract 402,42.3768529,-71.0567931,1545294.9,35.4751,1606,727,727,0.919,0.081,1939,0.278,616500,0.704,494,48750,0.097,0.357,0.048,0.53,1862,0.467,0.16,0,0.047,0,0.053,0.061,0.212,0.215,33590.52,1.111,0.328,0.316,0.267,0.089,R,1,Charlestown,1,2,15,3
45,25025040300,403,Census Tract 403,42.3787347,-71.0633841,3014756.67,69.2093,3882,2037,2065,0.93,0.07,1939,0.573,434000,0.42,1332,117921,0.021,0.168,0.039,0.416,4133,0.811,0.116,0,0.038,0,0,0,0.035,0.098,38216.7,1.172,0.205,0.338,0.395,0.063,R,1,Charlestown,1,2,15,3
46,25025040401,404.01,Census Tract 404.01,42.3741334,-71.0663888,4652086.45,106.7972,2439,1222,1215,1,0,1962,0.356,494000,0.644,939,75107,0.023,0.043,0.064,0.472,2819,0.846,0.04,0,0.072,0,0,0.002,0.039,0.096,16985.64,1.179,0.188,0.298,0.368,0.146,R,1,Charlestown,1,2,15,3
47,25025040600,406,Census Tract 406,42.3830719,-71.069973,15428730.63,354.1949,2444,1334,1325,0.933,0.067,1939,0.655,437800,0.322,1356,114167,0.009,0.069,0.075,0.401,2587,0.926,0.02,0,0.013,0,0.007,0,0.033,0.104,4695.707,0.867,0.126,0.391,0.36,0.123,I,0,Charlestown,1,2,15,3
48,25025040801,408.01,Census Tract 408.01,42.379041,-71.0520372,10251246.56,235.3362,3900,2089,2092,0.904,0.096,1970,0.24,449300,0.753,462,37439,0.024,0.464,0.079,0.454,3461,0.436,0.203,0,0.211,0,0,0.012,0.139,0.34,9411.661,1.451,0.192,0.316,0.386,0.106,P,0,Charlestown,1,2,15,3
49,25025050101,501.01,Census Tract 501.01,42.3816657,-71.0397908,3226514.74,74.0706,5115,1850,1875,0.92,0.08,1939,0.185,343100,0.809,945,40301,0.052,0.146,0.02,0.349,5356,0.229,0.023,0.004,0.113,0,0,0.014,0.617,0.458,46275.09,0.913,0.237,0.303,0.362,0.098,R,1,East Boston,1,1,7,1
50,25025050200,502,Census Tract 502,42.3775778,-71.0357577,2618361.16,60.1093,5231,1834,1881,0.947,0.053,1939,0.28,313600,0.692,1085,50030,0.021,0.09,0.064,0.436,5090,0.269,0.024,0,0.01,0.01,0,0.056,0.631,0.569,54190.53,0.871,0.227,0.312,0.398,0.063,R,1,East Boston,1,1,7,1
51,25025050300,503,Census Tract 503,42.3722392,-71.0434118,3824484.97,87.7981,2251,1041,1121,0.973,0.027,1995,0.086,242000,0.914,396,15131,0.148,0.339,0.072,0.318,2348,0.276,0.11,0,0.118,0,0.004,0.035,0.456,0.427,17114.59,1.029,0.299,0.228,0.265,0.207,R,1,East Boston,1,1,7,1
52,25025050400,504,Census Tract 504,42.3682184,-71.0379018,1420513.59,32.6105,2372,1035,1077,0.912,0.088,1939,0.247,266100,0.753,1132,56442,0.039,0.051,0.083,0.549,2257,0.41,0.043,0,0.041,0,0.011,0.007,0.488,0.467,44291.92,0.926,0.136,0.401,0.362,0.101,R,1,East Boston,1,1,7,1
53,25025050500,505,Census Tract 505,42.3697766,-71.0339104,1235330,28.3593,1857,702,746,0.953,0.047,1939,0.354,287000,0.646,1078,47932,0.015,0.16,0.175,0.702,1979,0.324,0.012,0,0.019,0,0.006,0.011,0.628,0.622,44658.47,0.829,0.179,0.268,0.373,0.18,R,1,East Boston,1,1,7,1
54,25025050600,506,Census Tract 506,42.3718877,-71.0372695,1821435.1,41.8144,2063,806,840,0.875,0.125,1939,0.122,242600,0.878,1152,58674,0.012,0.034,0.039,0.531,2155,0.203,0.025,0,0.015,0,0,0.031,0.725,0.682,32981.49,0.701,0.176,0.34,0.422,0.062,R,1,East Boston,1,1,7,1
55,25025050700,507,Census Tract 507,42.3753575,-71.0332714,2924637.13,67.1404,4504,1606,1602,0.891,0.109,1939,0.205,298700,0.79,1226,63262,0.035,0.134,0.042,0.388,4511,0.226,0.018,0.006,0,0,0,0.055,0.695,0.635,42996.96,0.722,0.197,0.349,0.412,0.042,R,1,East Boston,1,1,7,1
56,25025050901,509.01,Census Tract 509.01,42.3819368,-71.0295001,6618679.35,151.944,4165,1446,1451,0.901,0.099,1939,0.372,278800,0.6,1197,56250,0.028,0.189,0.112,0.426,4575,0.259,0.014,0,0.023,0,0,0.016,0.688,0.608,19269.12,0.655,0.181,0.379,0.39,0.05,R,1,East Boston,1,1,7,1
57,25025051000,510,Census Tract 510,42.3873027,-71.0161271,11241128.12,258.0608,4089,1784,1772,0.996,0.004,1939,0.386,285900,0.565,948,50970,0.031,0.064,0.065,0.4,4434,0.609,0.013,0,0.026,0,0,0.002,0.35,0.297,10996.79,0.979,0.2,0.265,0.363,0.172,R,1,East Boston,1,1,7,1
58,25025051101,511.01,Census Tract 511.01,42.3854556,-71.0043188,12481789.43,286.5425,6093,2345,2406,0.918,0.082,1939,0.395,330000,0.599,1218,54576,0.046,0.064,0.074,0.362,6393,0.538,0.014,0,0.013,0,0,0.023,0.411,0.383,14281.27,0.979,0.224,0.246,0.422,0.108,I,0,East Boston,1,1,7,1
59,25025060101,601.01,Census Tract 601.01,42.3347618,-71.0279302,3181825.6,73.0447,3216,1684,1650,0.955,0.045,1939,0.441,423800,0.542,1375,80281,0.027,0.115,0.059,0.382,3493,0.973,0.005,0,0,0,0,0,0.021,0.042,30602.59,1.103,0.115,0.421,0.358,0.107,R,1,South Boston,2,6,6,6
60,25025060200,602,Census Tract 602,42.3325583,-71.0326799,1833887.31,42.1003,1916,999,1023,0.888,0.112,1939,0.464,425400,0.503,1704,89352,0,0.062,0.14,0.412,2022,0.969,0,0,0.013,0,0,0,0.017,0.063,30735.83,0.929,0.163,0.409,0.351,0.078,R,1,South Boston,2,7,6,6
61,25025060301,603.01,Census Tract 603.01,42.3334669,-71.0369483,2933185.1,67.3367,3076,1647,1641,0.906,0.094,1939,0.48,425400,0.512,1391,86719,0.019,0.052,0.091,0.403,2986,0.977,0.005,0,0,0,0.008,0.001,0.009,0.049,28378.69,1.175,0.054,0.459,0.34,0.146,R,1,South Boston,2,6,6,6
62,25025060400,604,Census Tract 604,42.3323988,-71.0428981,4297519.18,98.6575,4904,2543,2555,0.932,0.068,1939,0.455,409700,0.539,1488,88878,0.005,0.049,0.065,0.407,4925,0.957,0.014,0,0.007,0,0,0.003,0.019,0.047,31946.89,1.248,0.075,0.461,0.326,0.138,R,1,South Boston,2,7,6,6
63,25025060501,605.01,Census Tract 605.01,42.3368686,-71.0382133,4431658.04,101.7369,3571,1942,1928,0.906,0.094,1939,0.464,383600,0.515,1445,96225,0.017,0.043,0.069,0.408,3530,0.886,0.013,0,0.057,0,0,0.002,0.043,0.044,22204.82,1.28,0.092,0.556,0.276,0.076,R,1,South Boston,2,6,6,6
64,25025060600,606,Census Tract 606,42.3495755,-71.0422812,13571977.55,311.5697,2357,1530,1380,0.895,0.105,1990,0.429,374600,0.571,2001,83625,0.018,0,0.094,0.421,2061,0.945,0.002,0,0.028,0,0,0.021,0.004,0.103,4233.225,1.037,0.033,0.498,0.378,0.091,I,0,South Boston,2,6,6,6
65,25025060700,607,Census Tract 607,42.3385217,-71.0539041,1380119.54,31.6832,1893,636,712,0.968,0.032,1979,0,0,1,444,19481,0.039,0.299,0.182,0.49,2121,0.236,0.246,0,0.05,0,0.018,0.02,0.43,0.33,42840.6,1.615,0.335,0.242,0.332,0.091,R,1,South Boston,2,6,6,6
66,25025060800,608,Census Tract 608,42.3354034,-71.0514926,3672689.59,84.3134,3964,2142,2128,0.863,0.137,1939,0.455,336600,0.545,1349,90714,0.054,0.149,0.043,0.301,4200,0.919,0,0.002,0.049,0,0,0.02,0.011,0.077,31878.92,1.826,0.102,0.53,0.289,0.079,R,1,South Boston,2,6,6,6
67,25025061000,610,Census Tract 610,42.3316206,-71.0499171,1862434.17,42.7556,3098,1408,1375,0.964,0.036,1947,0.167,402000,0.814,397,23026,0.103,0.508,0.102,0.411,3354,0.536,0.057,0,0.058,0,0.044,0.03,0.275,0.223,50202.09,1.027,0.315,0.298,0.321,0.065,R,1,South Boston,2,7,6,6
68,25025061101,611.01,Census Tract 611.01,42.3262844,-71.0542968,1778928.98,40.8386,2232,1044,1041,0.938,0.062,1939,0,0,0.996,342,15027,0.1,0.646,0.082,0.491,2192,0.216,0.232,0,0.196,0,0,0.02,0.337,0.327,34348.89,1.546,0.359,0.199,0.347,0.094,P,0,South Boston,2,7,6,6
69,25025061200,612,Census Tract 612,42.3398086,-71.0567242,19820250.56,455.0103,3240,2041,1963,0.951,0.049,1939,0.438,369700,0.544,1588,82702,0.004,0.041,0.082,0.66,3364,0.851,0.031,0,0.065,0,0,0.004,0.05,0.182,4731.345,0.838,0.066,0.562,0.32,0.052,I,0,South Boston,2,6,6,6
70,25025070101,701.01,Census Tract 701.01,42.3524416,-71.0575175,10969123.93,251.8164,5902,3383,3080,0.88,0.12,1978,0.401,784100,0.568,1941,72071,0.011,0.077,0.057,0.621,5494,0.624,0.044,0.005,0.215,0,0.003,0.031,0.078,0.307,13962.23,0.889,0.085,0.483,0.284,0.148,D,0,Central,2,3,1,3
71,25025070200,702,Census Tract 702,42.3496539,-71.0639144,2892950.65,66.413,5218,1690,1850,0.923,0.077,1973,0.059,6e+05,0.937,875,19361,0.06,0.256,0.181,0.454,5324,0.339,0.017,0,0.581,0,0.014,0.024,0.026,0.5,51302.92,1.081,0.086,0.478,0.306,0.13,D,0,Central,2,3,1,4
72,25025070300,703,Census Tract 703,42.3484105,-71.0703571,3617102.88,83.0373,3909,2706,2569,0.941,0.059,1939,0.459,691800,0.504,1642,116875,0.024,0.081,0.068,0.474,4476,0.745,0.01,0,0.146,0,0,0.011,0.088,0.147,34495.87,1.107,0.113,0.407,0.357,0.123,D,0,Central,2,5,4,4
73,25025070402,704.02,Census Tract 704.02,42.3451368,-71.0644405,2880915.51,66.1367,1723,680,705,1,0,1966,0,0,1,509,15616,0.084,0.455,0.084,0.324,1727,0.095,0.121,0.003,0.697,0,0.005,0.037,0.043,0.622,16710.91,1.008,0.164,0.191,0.373,0.272,D,0,South End,2,3,4,4
74,25025070500,705,Census Tract 705,42.3419361,-71.0718235,3199661.22,73.4541,5460,3066,3097,0.924,0.076,1939,0.4,618200,0.6,1180,76336,0.049,0.128,0.09,0.414,6091,0.552,0.032,0,0.235,0,0.002,0.009,0.171,0.205,53066.88,0.883,0.159,0.307,0.429,0.105,R,1,South End,2,3,4,4
75,25025070600,706,Census Tract 706,42.3432584,-71.0753771,1426485.77,32.7476,2240,1309,1396,0.928,0.072,1939,0.568,644800,0.432,1882,94149,0,0,0.22,0.432,2287,0.771,0.026,0,0.114,0,0,0.028,0.061,0.164,44693.38,0.805,0.145,0.376,0.431,0.048,R,1,South End,2,4,4,4
76,25025070700,707,Census Tract 707,42.3458876,-71.0761484,1766562.81,40.5547,2361,1366,1340,0.941,0.059,1939,0.365,739400,0.603,1157,64453,0,0.132,0.086,0.356,2685,0.518,0.245,0,0.113,0.007,0.014,0,0.104,0.13,42369.31,1.241,0.12,0.372,0.422,0.086,R,1,South End,2,4,4,4
77,25025070800,708,Census Tract 708,42.3411487,-71.080985,2092259.14,48.0317,3706,2156,2130,0.965,0.035,1939,0.252,573400,0.748,1077,64338,0.007,0.096,0.27,0.6,3764,0.599,0.189,0.005,0.087,0,0,0.001,0.12,0.255,50150.29,0.676,0.077,0.502,0.358,0.064,R,1,South End,7,4,4,4
78,25025070900,709,Census Tract 709,42.3384283,-71.0781591,1802491.05,41.3795,3329,1798,1831,0.939,0.061,1939,0.34,629700,0.655,1255,53673,0.014,0.192,0.07,0.351,2979,0.544,0.163,0,0.089,0,0,0.033,0.171,0.158,46071.66,0.972,0.096,0.382,0.446,0.077,R,1,South End,7,9,4,4
79,25025071101,711.01,Census Tract 711.01,42.3359561,-71.0727569,3904559.5,89.6364,3753,2185,2203,0.967,0.033,1939,0.244,429100,0.756,1362,42418,0.03,0.188,0.059,0.378,3911,0.433,0.167,0,0.175,0,0.033,0.015,0.177,0.279,27922.57,0.942,0.129,0.434,0.343,0.094,I,0,South End,2,8,4,4
80,25025071201,712.01,Census Tract 712.01,42.3398063,-71.0670729,4329260.48,99.3861,3131,1399,1300,0.969,0.031,1968,0.338,592100,0.662,433,22354,0.063,0.317,0.194,0.508,2931,0.352,0.192,0,0.146,0,0.052,0.016,0.242,0.308,18873.01,0.991,0.243,0.193,0.473,0.09,R,1,South End,2,8,4,4
81,25025080100,801,Census Tract 801,42.3293317,-71.0705291,11047170.59,253.6081,3350,744,733,0.819,0.181,1939,0.335,246600,0.665,877,30882,0.075,0.349,0.09,0.46,2999,0.168,0.503,0.008,0.041,0,0.022,0.034,0.224,0.244,7567.656,0.464,0.129,0.401,0.425,0.044,I,0,Roxbury,7,8,2,7
82,25025080300,803,Census Tract 803,42.3274519,-71.0790504,2893472.78,66.425,1769,791,835,0.895,0.105,1990,0.198,357100,0.794,444,17841,0.096,0.364,0.105,0.407,1685,0.065,0.564,0,0,0,0.001,0.011,0.359,0.193,16233.67,1.762,0.221,0.345,0.386,0.047,R,1,Roxbury,7,8,2,7
83,25025080401,804.01,Census Tract 804.01,42.3321186,-71.0808985,4740788.83,108.8335,2710,1249,1343,0.928,0.072,1976,0.144,296300,0.856,444,16300,0.157,0.472,0.078,0.438,2514,0.061,0.506,0.012,0.054,0,0.003,0.026,0.338,0.192,14782.53,1.739,0.32,0.246,0.314,0.119,R,1,Roxbury,7,8,2,7
84,25025080500,805,Census Tract 805,42.3356824,-71.0825418,2643088.91,60.677,3096,1323,1346,0.871,0.129,1971,0.02,550000,0.969,524,19841,0.049,0.416,0.043,0.43,2629,0.053,0.431,0,0.021,0,0.036,0.035,0.423,0.321,27727.65,1.171,0.269,0.264,0.376,0.091,R,1,South End,7,9,4,4
85,25025080601,806.01,Census Tract 806.01,42.3333666,-71.0880449,6029101.2,138.4091,4271,920,921,0.929,0.071,1982,0.107,161100,0.887,901,22209,0.103,0.376,0.055,0.422,3365,0.456,0.217,0,0.12,0,0.001,0.012,0.193,0.236,15558.52,1.207,0.137,0.666,0.168,0.029,R,1,Roxbury,7,9,2,9
86,25025080801,808.01,Census Tract 808.01,42.3346057,-71.0962095,3925348.89,90.1136,3885,946,916,0.987,0.013,1992,0.021,802100,0.979,479,15603,0.15,0.505,0.088,0.423,3433,0.271,0.262,0,0.113,0,0.012,0.006,0.337,0.213,24380.12,1.033,0.175,0.547,0.217,0.06,I,0,Jamaica Plain,7,4,2,9
87,25025080900,809,Census Tract 809,42.3323459,-71.1016908,2762558.85,63.4196,4008,1776,1653,0.866,0.134,1961,0.11,568000,0.89,1633,35368,0,0,0.059,0.438,3431,0.618,0.119,0,0.191,0,0.008,0.019,0.045,0.265,34621.7,1.105,0.072,0.716,0.115,0.098,I,0,Jamaica Plain,8,10,2,9
88,25025081001,810.01,Census Tract 810.01,42.3345666,-71.1068303,6011081.99,137.9955,4890,2287,2317,0.912,0.088,1970,0.064,311500,0.918,849,23180,0.056,0.284,0.059,0.43,4475,0.468,0.156,0,0.2,0,0.002,0.02,0.155,0.271,20752.81,1.032,0.135,0.503,0.238,0.124,I,0,Jamaica Plain,8,10,2,9
89,25025081100,811,Census Tract 811,42.3283906,-71.1074808,5337204.78,122.5254,4091,1781,1760,0.97,0.03,1963,0.223,277300,0.751,1460,46941,0.004,0.106,0.075,0.381,4589,0.57,0.17,0,0.112,0,0,0.018,0.131,0.218,23968.55,0.841,0.097,0.542,0.228,0.133,R,1,Jamaica Plain,8,10,2,9
90,25025081200,812,Census Tract 812,42.3244316,-71.1038626,3039251.67,69.7716,3265,1232,1234,0.928,0.072,1952,0.146,337000,0.854,380,22466,0.164,0.512,0.102,0.421,3533,0.126,0.368,0,0.024,0,0,0.027,0.454,0.29,32405.35,1.384,0.333,0.337,0.247,0.083,R,1,Jamaica Plain,6,10,13,9
91,25025081300,813,Census Tract 813,42.319327,-71.0976901,6246271.61,143.3947,4760,2111,2173,0.965,0.035,1970,0.062,279200,0.923,674,20637,0.103,0.214,0.118,0.373,5135,0.122,0.344,0.003,0.03,0,0.025,0.027,0.448,0.332,22916.97,0.975,0.264,0.289,0.293,0.154,R,1,Roxbury,7,11,13,9
92,25025081400,814,Census Tract 814,42.3277602,-71.0937549,6678367.07,153.3142,3003,1462,1362,0.855,0.145,1939,0.311,374800,0.689,1319,45978,0,0.139,0.098,0.401,2707,0.344,0.509,0,0.023,0,0,0.022,0.102,0.093,11299.46,0.857,0.116,0.501,0.279,0.105,R,1,Roxbury,7,9,2,9
93,25025081500,815,Census Tract 815,42.3207186,-71.0929141,3619583.13,83.0942,2134,905,892,0.901,0.099,1939,0.351,278400,0.649,935,31786,0.137,0.255,0.063,0.406,2073,0.078,0.623,0,0.03,0,0,0.014,0.256,0.277,15965.38,1.107,0.207,0.282,0.416,0.095,R,1,Roxbury,7,11,2,9
94,25025081700,817,Census Tract 817,42.3226962,-71.086034,6819156.25,156.5463,3820,1599,1663,0.84,0.16,1966,0.181,316100,0.819,601,22950,0.064,0.382,0.041,0.437,3453,0.037,0.69,0.005,0.031,0,0,0.042,0.195,0.085,14115.75,1.219,0.362,0.159,0.357,0.122,R,1,Roxbury,7,12,2,9
95,25025081800,818,Census Tract 818,42.3203184,-71.0800303,4024571.84,92.3915,2898,1388,1410,0.82,0.18,1939,0.368,313700,0.612,1011,40809,0.084,0.343,0.065,0.424,3147,0.019,0.667,0.002,0,0,0.011,0.038,0.264,0.261,21797.96,1.506,0.283,0.26,0.366,0.091,R,1,Roxbury,7,12,2,7
96,25025081900,819,Census Tract 819,42.3154742,-71.089652,4664571.96,107.0838,3115,1397,1493,0.82,0.18,1939,0.184,262500,0.785,943,35432,0.082,0.254,0.045,0.365,2883,0.001,0.723,0,0,0,0,0.001,0.276,0.171,17229.34,1.118,0.244,0.331,0.316,0.108,R,1,Roxbury,7,12,2,9
97,25025082000,820,Census Tract 820,42.3137479,-71.0839483,4220856.09,96.8975,2815,1278,1326,0.867,0.133,1939,0.285,336200,0.674,876,43375,0.067,0.245,0.052,0.409,2865,0.029,0.862,0,0.011,0,0,0,0.098,0.154,18921.75,1.219,0.183,0.246,0.446,0.125,R,1,Roxbury,7,12,2,9
98,25025082100,821,Census Tract 821,42.3094485,-71.0872292,3988567.24,91.5649,5025,2117,2166,0.916,0.084,1941,0.137,408200,0.863,465,20125,0.14,0.423,0.091,0.576,5005,0.011,0.652,0,0,0,0.007,0.012,0.318,0.268,34980.29,1.365,0.338,0.271,0.292,0.099,R,1,Roxbury,7,12,2,9
99,25025090100,901,Census Tract 901,42.3023757,-71.0820198,4811070.98,110.447,4571,1863,1968,0.935,0.065,1939,0.261,365600,0.716,932,33333,0.094,0.167,0.239,0.429,4954,0.039,0.726,0,0.011,0,0.034,0.017,0.173,0.325,28704.77,1.121,0.281,0.271,0.364,0.084,R,1,Roxbury,4,14,3,7
100,25025090200,902,Census Tract 902,42.3071378,-71.0790559,2945580.09,67.6212,2233,830,855,0.938,0.062,1973,0.138,426600,0.844,614,20942,0.08,0.372,0.05,0.362,2453,0.002,0.521,0,0.033,0.008,0.037,0.003,0.397,0.38,23214.88,1.25,0.332,0.259,0.321,0.088,R,1,Roxbury,4,14,2,7
101,25025090300,903,Census Tract 903,42.3109366,-71.076505,4094225.77,93.9905,3179,1268,1283,0.832,0.168,1939,0.208,360700,0.792,682,26684,0.196,0.408,0.052,0.421,3176,0.002,0.582,0.049,0,0,0.041,0.017,0.308,0.235,21624.43,1.468,0.291,0.295,0.339,0.074,R,1,Roxbury,4,14,2,7
102,25025090400,904,Census Tract 904,42.3171635,-71.0747098,4575787.71,105.0456,3659,1294,1287,0.872,0.128,1952,0.316,215000,0.676,789,32851,0.154,0.244,0.09,0.345,3665,0.012,0.604,0,0.01,0,0.028,0.039,0.307,0.316,22327.75,1.086,0.301,0.335,0.259,0.106,R,1,Roxbury,7,13,2,7
103,25025090600,906,Census Tract 906,42.3229604,-71.0722753,3246866.13,74.5378,2348,793,798,0.87,0.13,1939,0.34,339300,0.646,1333,47750,0.02,0.316,0.086,0.316,2163,0.021,0.574,0.012,0,0,0.209,0.02,0.165,0.399,18570.81,1.23,0.332,0.242,0.344,0.082,I,0,Roxbury,7,8,2,7
104,25025090700,907,Census Tract 907,42.324131,-71.0600285,11544136.43,265.0169,4275,1990,1977,0.878,0.122,1939,0.349,335200,0.625,1259,53194,0.038,0.233,0.076,0.399,4172,0.59,0.098,0,0.21,0,0.024,0,0.078,0.362,10074.33,0.832,0.171,0.309,0.426,0.093,I,0,North Dorchester,2,7,6,6
105,25025090901,909.01,Census Tract 909.01,42.3170979,-71.0445333,12625816.75,289.8489,3730,1640,1670,0.881,0.119,1986,0,0,1,1500,23224,0.071,0.373,0.136,0.402,3826,0.231,0.197,0.004,0.258,0,0,0.031,0.279,0.443,8447.375,0.914,0.197,0.554,0.209,0.041,I,0,North Dorchester,3,13,6,7
106,25025091001,910.01,Census Tract 910.01,42.3082694,-71.0516795,12771750.15,293.199,2742,1315,1313,0.947,0.053,1939,0.465,307600,0.492,1057,59103,0.042,0.123,0.167,0.446,2811,0.522,0.156,0,0.269,0,0.019,0.009,0.025,0.367,6135.457,0.947,0.174,0.309,0.42,0.097,I,0,North Dorchester,3,13,11,7
107,25025091100,911,Census Tract 911,42.315641,-71.0555949,4562470.46,104.7399,4861,1966,1899,0.838,0.162,1939,0.39,321700,0.559,1267,54413,0.093,0.267,0.14,0.385,4842,0.5,0.083,0,0.267,0,0.072,0.012,0.065,0.366,29584.22,1.18,0.256,0.309,0.348,0.087,R,1,North Dorchester,3,13,11,7
108,25025091200,912,Census Tract 912,42.3163259,-71.0622198,3483077.78,79.9605,3234,1239,1216,0.866,0.134,1939,0.348,389500,0.612,1090,64952,0.032,0.211,0.057,0.389,2936,0.435,0.179,0,0.061,0,0.098,0.065,0.161,0.235,23497.91,0.858,0.214,0.413,0.312,0.061,R,1,North Dorchester,3,13,11,7
109,25025091300,913,Census Tract 913,42.3199357,-71.0668701,2825980.81,64.8756,2499,868,845,0.811,0.189,1939,0.164,321200,0.818,1152,31760,0.093,0.282,0.098,0.404,2241,0.069,0.411,0,0.07,0,0.225,0.021,0.203,0.398,22106.04,0.92,0.281,0.282,0.331,0.106,R,1,North Dorchester,7,7,2,7
110,25025091400,914,Census Tract 914,42.3152689,-71.0698538,3498284.33,80.3096,2741,939,974,0.884,0.116,1955,0.325,277900,0.646,818,26339,0.021,0.315,0.083,0.436,2197,0.091,0.459,0.002,0.038,0,0.048,0.017,0.345,0.263,17507.24,1.137,0.181,0.313,0.423,0.084,R,1,North Dorchester,7,13,2,7
111,25025091500,915,Census Tract 915,42.3114941,-71.0643707,4350093.55,99.8644,4370,1653,1759,0.885,0.115,1939,0.285,339900,0.693,1242,43700,0.1,0.176,0.063,0.394,4992,0.071,0.45,0.005,0.066,0,0.26,0.021,0.127,0.462,31989.88,1.219,0.308,0.244,0.36,0.087,R,1,North Dorchester,3,15,11,7
112,25025091600,916,Census Tract 916,42.3060364,-71.0611894,3365584.51,77.2632,3138,1165,1218,0.941,0.059,1939,0.244,312500,0.756,1163,39115,0.106,0.191,0.08,0.461,3807,0.14,0.375,0,0.299,0,0.023,0.006,0.157,0.363,31532.29,1.014,0.313,0.287,0.302,0.097,R,1,South Dorchester,3,15,11,7
113,25025091700,917,Census Tract 917,42.3036111,-71.0659136,3114052.12,71.4888,3069,1050,1063,0.877,0.123,1939,0.351,300500,0.644,1360,48650,0.071,0.18,0.07,0.389,3330,0.065,0.48,0.001,0.007,0,0.103,0.024,0.319,0.342,29809.59,1.167,0.289,0.344,0.314,0.053,R,1,South Dorchester,3,15,11,7
114,25025091800,918,Census Tract 918,42.3073664,-71.0705167,4650342.47,106.7572,3452,1214,1222,0.866,0.134,1939,0.366,240400,0.598,1269,47083,0.135,0.255,0.073,0.432,3442,0.04,0.57,0,0.006,0,0.123,0.032,0.228,0.311,20633.06,1.316,0.276,0.34,0.294,0.09,R,1,South Dorchester,4,15,11,7
115,25025091900,919,Census Tract 919,42.3008408,-71.0755308,5187639.74,119.0918,3860,1380,1416,0.838,0.162,1943,0.427,295200,0.553,1326,42067,0.101,0.215,0.09,0.363,4102,0.055,0.702,0.004,0,0,0.009,0.007,0.223,0.374,22042.45,1.145,0.257,0.255,0.395,0.093,R,1,South Dorchester,4,14,11,7
116,25025092000,920,Census Tract 920,42.2996758,-71.0675668,5271120.79,121.0083,4945,1693,1702,0.922,0.078,1939,0.278,326300,0.707,1176,48125,0.054,0.196,0.675,0,5314,0.052,0.537,0.004,0.086,0,0.013,0.032,0.277,0.368,28103.24,1.177,0.288,0.276,0.346,0.09,R,1,South Dorchester,4,15,11,7
117,25025092101,921.01,Census Tract 921.01,42.2979499,-71.0541278,13905650.86,319.2298,6451,2454,2548,0.856,0.144,1939,0.39,298300,0.587,1204,47449,0.091,0.206,0.052,0.436,6767,0.239,0.135,0,0.461,0,0.023,0.066,0.077,0.432,13565.72,1.241,0.199,0.307,0.407,0.087,R,1,South Dorchester,3,16,11,7
118,25025092200,922,Census Tract 922,42.2950231,-71.0661698,6256656.21,143.6331,3349,1227,1271,0.808,0.192,1939,0.426,451200,0.526,1194,48988,0.038,0.191,0.045,0.395,2890,0.218,0.491,0.017,0.072,0,0.028,0.015,0.161,0.34,12876.34,0.815,0.193,0.281,0.443,0.083,R,1,South Dorchester,4,17,11,8
119,25025092300,923,Census Tract 923,42.2939435,-71.0750607,3691503.3,84.7453,2893,1077,1157,0.89,0.11,1939,0.359,339700,0.585,1122,38321,0.078,0.198,0.102,0.411,3167,0.032,0.835,0,0.003,0,0.005,0.008,0.117,0.262,23915.78,0.892,0.273,0.257,0.367,0.103,R,1,South Dorchester,4,17,3,8
120,25025092400,924,Census Tract 924,42.2960418,-71.0849877,6393422.53,146.7728,5277,2065,2176,0.918,0.082,1945,0.176,329900,0.824,1043,32554,0.136,0.256,0.085,0.384,5905,0.04,0.637,0.005,0.007,0,0.008,0,0.303,0.309,25746.84,1.076,0.294,0.3,0.355,0.051,R,1,Roxbury,4,14,3,8
121,25025100100,1001,Census Tract 1001,42.2902498,-71.0873027,11170897.96,256.4485,5510,2047,2097,0.896,0.104,1955,0.193,268000,0.796,510,27840,0.084,0.317,0.087,0.39,6189,0.03,0.628,0.004,0.015,0,0.017,0.019,0.287,0.329,15457.34,1.219,0.363,0.257,0.305,0.076,P,0,Mattapan,4,14,3,8
122,25025100200,1002,Census Tract 1002,42.2848004,-71.0857215,3773472.45,86.627,2787,1013,1043,0.793,0.207,1939,0.457,317400,0.511,1187,50859,0.083,0.084,0.112,0.408,2680,0.018,0.854,0.004,0.015,0,0,0.01,0.1,0.18,19798.42,1.384,0.258,0.276,0.385,0.082,R,1,Mattapan,4,14,3,8
123,25025100300,1003,Census Tract 1003,42.2827979,-71.0797972,5294161.33,121.5372,3303,1262,1336,0.879,0.121,1939,0.413,244100,0.564,1280,43750,0.101,0.169,0.102,0.408,3606,0.017,0.797,0,0,0,0.01,0.012,0.164,0.27,18987.39,0.946,0.292,0.223,0.387,0.098,R,1,Mattapan,4,17,3,8
124,25025100400,1004,Census Tract 1004,42.281787,-71.0708447,6739591.92,154.7197,4865,1830,1916,0.888,0.112,1939,0.421,317400,0.579,1295,57531,0.048,0.154,0.052,0.411,4617,0.118,0.717,0,0.05,0,0.002,0.016,0.096,0.334,19096.92,1.268,0.22,0.249,0.402,0.13,R,1,South Dorchester,3,17,11,8
125,25025100500,1005,Census Tract 1005,42.2882344,-71.0707474,9244789.61,212.2312,5989,2383,2434,0.813,0.187,1939,0.362,409800,0.638,1150,52596,0.098,0.138,0.035,0.482,5672,0.073,0.616,0.009,0.074,0,0.003,0.016,0.209,0.31,17103.11,1.187,0.249,0.252,0.412,0.087,R,1,South Dorchester,4,17,11,8
126,25025100601,1006.01,Census Tract 1006.01,42.2908491,-71.0562794,5947564.59,136.5373,5154,2192,2263,0.851,0.149,1939,0.44,287500,0.532,1300,52841,0.061,0.064,0.045,0.404,4954,0.404,0.236,0.002,0.208,0,0.008,0.062,0.079,0.305,23219.6,0.972,0.203,0.306,0.404,0.087,R,1,South Dorchester,3,16,11,8
127,25025100603,1006.03,Census Tract 1006.03,42.2915512,-71.0413191,9541179.81,219.0353,1904,840,872,0.907,0.093,1943,0.507,300500,0.461,1070,65938,0.057,0.037,0.064,0.342,2023,0.643,0.174,0.003,0.115,0,0.01,0.034,0.02,0.209,5910.58,0.981,0.111,0.29,0.413,0.186,R,1,South Dorchester,3,16,11,8
128,25025100700,1007,Census Tract 1007,42.2826719,-71.0479602,13058453.75,299.7808,4322,1975,1962,0.946,0.054,1939,0.589,366800,0.411,1251,70000,0.014,0.045,0.132,0.484,4358,0.906,0.037,0,0.02,0,0.009,0.011,0.017,0.103,9375.682,1.091,0.201,0.308,0.331,0.16,R,1,South Dorchester,3,16,11,8
129,25025100800,1008,Census Tract 1008,42.277192,-71.0638243,19049295.24,437.3116,5546,2702,2724,0.947,0.053,1939,0.488,302800,0.503,1206,67191,0.057,0.066,0.123,0.41,6601,0.439,0.347,0,0.117,0,0.006,0.027,0.064,0.258,9682.113,1.274,0.24,0.223,0.42,0.117,P,0,South Dorchester,3,16,11,8
130,25025100900,1009,Census Tract 1009,42.2740065,-71.0742308,10776155.25,247.3865,4072,1729,1753,0.942,0.058,1939,0.483,317500,0.505,1292,56019,0.024,0.127,0.098,0.489,4297,0.234,0.511,0,0.113,0,0,0.046,0.096,0.297,11647.55,1.212,0.22,0.181,0.488,0.111,R,1,Mattapan,3,17,3,8
131,25025101001,1010.01,Census Tract 1010.01,42.2718109,-71.0999859,14014997.85,321.7401,5480,2266,2382,0.911,0.089,1939,0.49,292900,0.427,1184,54688,0.023,0.129,0.06,0.401,5949,0.014,0.897,0,0.003,0,0,0,0.086,0.477,11886.17,1.198,0.191,0.204,0.487,0.117,R,1,Mattapan,5,18,3,8
132,25025101002,1010.02,Census Tract 1010.02,42.2740572,-71.0853267,12588331.04,288.9883,4979,2149,2112,0.865,0.135,1954,0.308,269000,0.67,1101,35490,0.049,0.13,0.209,0.472,4767,0.04,0.73,0,0,0,0.019,0.021,0.189,0.315,10595.9,1.366,0.26,0.207,0.37,0.163,R,1,Mattapan,4,18,3,8
133,25025101101,1011.01,Census Tract 1011.01,42.2826649,-71.0950819,4087498.72,93.8361,3155,1160,1226,0.843,0.157,1939,0.446,304300,0.512,1340,52898,0.061,0.115,0.069,0.407,3402,0.034,0.805,0,0,0,0,0.005,0.155,0.366,23201.37,1.024,0.27,0.289,0.333,0.108,R,1,Mattapan,4,14,3,8
134,25025101102,1011.02,Census Tract 1011.02,42.2787961,-71.0920462,6040704.52,138.6755,4396,1672,1760,0.877,0.123,1939,0.229,310700,0.763,1230,35893,0.079,0.272,0.059,0.375,4820,0.021,0.83,0,0.011,0,0,0.027,0.111,0.34,22242.99,1.099,0.293,0.291,0.311,0.105,R,1,Mattapan,4,18,3,8
135,25025110103,1101.03,Census Tract 1101.03,42.2961825,-71.1157388,10064472.96,231.0485,5460,2353,2395,0.959,0.041,1939,0.401,337300,0.599,1179,66735,0.066,0.205,0.063,0.391,5896,0.425,0.206,0,0.066,0,0,0.022,0.281,0.27,16330.62,1.186,0.214,0.379,0.346,0.061,R,1,Roslindale,6,19,13,12
136,25025110201,1102.01,Census Tract 1102.01,42.280496,-71.1170508,3747839.93,86.0386,2051,874,899,0.952,0.048,1941,0.425,324400,0.564,1078,51316,0.039,0.103,0.113,0.416,2130,0.2,0.52,0,0.004,0,0.011,0.039,0.225,0.227,15843.04,1.216,0.239,0.251,0.407,0.103,P,0,Roslindale,5,18,18,12
137,25025110301,1103.01,Census Tract 1103.01,42.2868052,-71.1132775,8803506.22,202.1007,2405,955,958,0.93,0.07,1939,0.685,324700,0.277,1294,72435,0.034,0.056,0.101,0.401,2541,0.398,0.176,0.017,0.012,0,0.009,0.026,0.361,0.274,8046.125,0.968,0.199,0.245,0.485,0.07,R,1,Roslindale,5,18,18,12
138,25025110401,1104.01,Census Tract 1104.01,42.2864332,-71.1225529,5623201.08,129.0909,3566,1362,1386,0.975,0.025,1939,0.431,320700,0.569,1133,53276,0.072,0.142,0.076,0.458,3692,0.303,0.284,0,0.061,0,0,0.011,0.342,0.329,18302.75,1.13,0.231,0.306,0.381,0.082,R,1,Roslindale,5,19,5,12
139,25025110403,1104.03,Census Tract 1104.03,42.2782721,-71.1269738,10231036.38,234.8723,4309,1767,1772,0.971,0.029,1939,0.613,336200,0.378,1067,64357,0.019,0.126,0.068,0.413,4706,0.416,0.245,0.003,0.045,0,0,0.038,0.254,0.252,12927.02,1.135,0.202,0.234,0.438,0.126,R,1,Roslindale,5,18,5,12
140,25025110501,1105.01,Census Tract 1105.01,42.2821618,-71.1414486,6972865.51,160.075,3253,1371,1356,0.941,0.059,1939,0.631,375600,0.335,1353,83646,0.021,0.099,0.048,0.39,3663,0.628,0.118,0,0.025,0,0,0.031,0.198,0.261,14644.06,0.954,0.229,0.239,0.395,0.137,R,1,Roslindale,5,20,5,12
141,25025110502,1105.02,Census Tract 1105.02,42.2829171,-71.132605,7365204.55,169.0818,3806,1684,1712,0.859,0.141,1939,0.544,363100,0.392,1469,61103,0.016,0.009,0,0,3530,0.57,0.125,0,0.039,0,0.003,0.047,0.217,0.255,13360.64,1.335,0.187,0.235,0.448,0.131,R,1,Roslindale,5,20,5,12
142,25025110601,1106.01,Census Tract 1106.01,42.2983302,-71.1397069,15228405.8,349.5961,2969,1295,1272,0.923,0.077,1951,0.772,442700,0.22,1398,89896,0.011,0,0.105,0.339,2763,0.926,0.036,0,0.007,0,0,0.014,0.017,0.145,5087.604,1.119,0.16,0.11,0.425,0.305,R,1,West Roxbury,6,20,5,9
143,25025110607,1106.07,Census Tract 1106.07,42.2902868,-71.13464,12606722.98,289.4105,5077,2227,2120,0.922,0.078,1939,0.598,423800,0.393,1419,79024,0.03,0.066,0.038,0.44,5291,0.832,0.034,0,0.03,0,0,0.023,0.08,0.221,11699.63,1.292,0.146,0.228,0.44,0.187,R,1,Roslindale,5,20,5,9
144,25025120103,1201.03,Census Tract 1201.03,42.3117567,-71.1182632,3802045.27,87.2829,1508,696,688,0.948,0.052,1939,0.842,666500,0.158,1576,176357,0,0,0.127,0.41,1587,0.831,0.049,0,0.03,0,0.001,0.043,0.047,0.111,11635.77,0.858,0.197,0.19,0.501,0.112,R,1,Jamaica Plain,6,19,13,9
145,25025120104,1201.04,Census Tract 1201.04,42.3056862,-71.1173049,3124502.39,71.7287,2095,1060,1083,0.931,0.069,1939,0.504,350400,0.486,1370,66136,0.039,0.134,0.073,0.4,1973,0.652,0.051,0,0.044,0,0,0.043,0.211,0.152,17602.88,1.795,0.173,0.416,0.337,0.074,R,1,Jamaica Plain,6,11,13,9
146,25025120105,1201.05,Census Tract 1201.05,42.3087398,-71.1262938,19809165.83,454.7559,2444,953,925,0.926,0.074,1944,0.912,613300,0.075,2001,169432,0,0.015,0.105,0.339,2299,0.773,0.048,0,0.087,0,0,0.034,0.058,0.201,3239.618,1.412,0.158,0.136,0.468,0.237,R,1,Jamaica Plain,6,19,13,9
147,25025120201,1202.01,Census Tract 1202.01,42.305157,-71.1083675,7743687.53,177.7706,3439,1726,1742,0.984,0.016,1939,0.31,353700,0.649,1366,59167,0.02,0.198,0.078,0.362,3837,0.522,0.132,0.003,0.03,0,0,0.013,0.3,0.244,13812.68,1.198,0.149,0.41,0.362,0.08,R,1,Jamaica Plain,6,11,13,9
148,25025120301,1203.01,Census Tract 1203.01,42.3126415,-71.1019313,7135172.57,163.801,4795,1895,1959,0.958,0.042,1939,0.526,347300,0.474,1089,67000,0.02,0.059,0.074,0.362,4985,0.46,0.142,0,0.06,0,0.002,0.059,0.277,0.263,19475.94,0.842,0.163,0.349,0.439,0.049,R,1,Roxbury,6,11,13,9
149,25025120400,1204,Census Tract 1204,42.3139015,-71.1116653,10751638.6,246.8237,5751,2825,2844,0.95,0.05,1939,0.492,395200,0.508,1572,90123,0.022,0.042,0.046,0.453,5980,0.726,0.091,0,0.046,0,0,0.021,0.116,0.141,15504.75,1.149,0.124,0.394,0.415,0.067,R,1,Jamaica Plain,6,19,13,9
150,25025120500,1205,Census Tract 1205,42.3206587,-71.1042025,2300163.94,52.8045,2331,905,918,0.882,0.118,1939,0.283,409200,0.679,1417,48804,0.005,0.212,0.077,0.439,2296,0.414,0.087,0,0.028,0,0,0.016,0.455,0.28,27826.27,0.812,0.199,0.419,0.311,0.072,R,1,Jamaica Plain,6,10,13,9
151,25025120600,1206,Census Tract 1206,42.3191097,-71.1088407,2779177.05,63.8011,2335,1103,1117,0.98,0.02,1939,0.462,422200,0.512,1709,84236,0.007,0.009,0.094,0.414,2427,0.676,0.047,0,0.083,0,0,0.036,0.158,0.131,24343.95,1.391,0.099,0.482,0.377,0.043,R,1,Jamaica Plain,6,19,13,9
152,25025120700,1207,Census Tract 1207,42.3242557,-71.1112111,3201881.94,73.5051,2014,1044,1076,0.932,0.068,1939,0.473,356000,0.522,1406,73295,0,0.043,0.087,0.39,2137,0.765,0.062,0,0.066,0,0.005,0.018,0.085,0.134,18605.32,0.952,0.081,0.428,0.379,0.112,R,1,Jamaica Plain,6,10,13,9
153,25025130100,1301,Census Tract 1301,42.2904255,-71.1714978,47252103.12,1084.759,5906,2816,2618,0.958,0.042,1943,0.7,398300,0.3,1606,86923,0.014,0.008,0.081,0.423,5801,0.813,0.011,0,0.107,0,0.002,0.009,0.056,0.201,3458.375,1.353,0.196,0.204,0.421,0.18,P,0,West Roxbury,6,20,5,12
154,25025130200,1302,Census Tract 1302,42.2873319,-71.157012,14558816.72,334.2244,4506,1914,1933,0.947,0.053,1939,0.696,480900,0.294,1454,101016,0.008,0.022,0.347,0.529,4868,0.787,0.02,0,0.062,0,0.007,0.044,0.079,0.182,9320.974,0.992,0.179,0.246,0.421,0.153,R,1,West Roxbury,6,20,5,12
155,25025130300,1303,Census Tract 1303,42.2791295,-71.1507097,15522347.97,356.3441,4419,1811,1793,0.963,0.037,1939,0.82,489800,0.176,1272,102115,0.013,0,0.108,0.319,4430,0.834,0.013,0,0.06,0,0,0.007,0.085,0.137,7955.761,1.144,0.227,0.136,0.481,0.156,R,1,West Roxbury,6,20,5,12
156,25025130402,1304.02,Census Tract 1304.02,42.2724011,-71.1694056,24463363.16,561.6015,4637,2196,2201,0.953,0.047,1954,0.763,336300,0.237,1246,78207,0.005,0.008,0.088,0.43,4598,0.844,0.032,0,0.038,0,0.002,0.013,0.07,0.159,5661.962,0.897,0.156,0.192,0.475,0.177,R,1,West Roxbury,6,20,5,12
157,25025130404,1304.04,Census Tract 1304.04,42.2689968,-71.1594658,17628731.82,404.7,2901,1322,1276,0.894,0.106,1958,0.674,339000,0.326,1149,71250,0,0.024,0.136,0.49,2982,0.726,0.031,0,0.047,0,0,0.033,0.164,0.266,4819.244,1.107,0.164,0.237,0.394,0.206,R,1,West Roxbury,6,20,5,12
158,25025130406,1304.06,Census Tract 1304.06,42.2600645,-71.1514976,11351426.76,260.5929,5107,2192,2257,0.979,0.021,1965,0.218,314800,0.771,931,30147,0.043,0.243,0.081,0.41,5087,0.333,0.382,0,0.059,0,0,0.032,0.194,0.307,12562.47,1.191,0.284,0.238,0.357,0.121,R,1,West Roxbury,6,20,5,12
159,25025140102,1401.02,Census Tract 1401.02,42.2446858,-71.1424773,23198637.86,532.5674,4401,1654,1692,0.907,0.093,1953,0.692,324700,0.302,1213,64766,0.028,0.043,0.018,0.417,4400,0.428,0.28,0,0.053,0,0,0.027,0.212,0.253,5478.652,1.048,0.222,0.209,0.445,0.124,R,1,Hyde Park,5,18,18,12
160,25025140105,1401.05,Census Tract 1401.05,42.267997,-71.1251892,10880533,249.7827,3675,1324,1325,0.946,0.054,1948,0.681,306300,0.319,1275,74038,0.008,0.034,0.049,0.425,3612,0.328,0.367,0,0.015,0,0.003,0.028,0.259,0.26,9254.084,1.117,0.245,0.246,0.402,0.107,R,1,Hyde Park,5,18,18,12
161,25025140106,1401.06,Census Tract 1401.06,42.2738738,-71.1371416,3045619.77,69.9178,1901,898,913,0.906,0.094,1964,0.064,339100,0.92,693,28633,0.053,0.216,0.049,0.342,2021,0.188,0.55,0,0.02,0,0,0.005,0.237,0.271,18704.18,1.345,0.326,0.169,0.388,0.118,R,1,Roslindale,5,18,5,12
162,25025140107,1401.07,Census Tract 1401.07,42.2577216,-71.1284206,6752343.7,155.0125,2531,1051,1096,0.975,0.025,1939,0.558,330600,0.434,869,52009,0.041,0.011,0.054,0.486,2720,0.311,0.408,0,0.003,0,0,0.008,0.269,0.249,11229.23,1.047,0.217,0.296,0.36,0.128,R,1,Hyde Park,5,18,18,12
163,25025140201,1402.01,Census Tract 1402.01,42.2375306,-71.1305713,15233749.25,349.7188,2072,935,974,0.983,0.017,1954,0.441,310600,0.541,1204,70446,0.021,0.036,0.062,0.454,2234,0.437,0.236,0,0.035,0,0,0.013,0.278,0.238,4353.442,1.171,0.164,0.391,0.387,0.059,R,1,Hyde Park,5,18,18,12
164,25025140202,1402.02,Census Tract 1402.02,42.2495181,-71.117543,16745324.86,384.4198,5600,2081,2105,0.973,0.027,1945,0.78,338400,0.211,1017,72390,0.023,0.106,0.091,0.377,6124,0.437,0.331,0,0.017,0,0.008,0.03,0.177,0.243,10308.11,1.159,0.229,0.222,0.431,0.118,R,1,Hyde Park,5,18,18,12
165,25025140300,1403,Census Tract 1403,42.2587734,-71.1188131,17100930.39,392.5833,6382,2525,2511,0.92,0.08,1939,0.402,314000,0.586,964,50274,0.053,0.074,0.08,0.446,6177,0.234,0.536,0.001,0.014,0,0.015,0.033,0.167,0.373,10339.12,0.946,0.146,0.281,0.409,0.164,R,1,Hyde Park,5,18,18,12
166,25025140400,1404,Census Tract 1404,42.2692219,-71.1118088,20351684.25,467.2104,7650,2906,2987,0.937,0.063,1949,0.568,292100,0.432,1142,51148,0.07,0.114,0.08,0.409,8287,0.083,0.68,0.01,0.013,0,0,0.017,0.198,0.346,11427.92,1.33,0.222,0.265,0.39,0.123,R,1,Hyde Park,5,18,18,12
170,25025981100,9811,Census Tract 9811,42.2879942,-71.1034042,29412396.21,675.2157,418,136,51,1,0,2000,0.059,0,0.941,275,10446,0,0.833,0.125,0.376,349,0.072,0.65,0.023,0.046,0,0.026,0.014,0.169,0.06,333.1,0.312,0.381,0.41,0.186,0.023,P,0,Roslindale,6,19,13,12
172,25025981300,9813,Census Tract 9813,42.3611289,-71.0069754,77303253.63,1774.6385,389,245,288,0.965,0.035,1939,0.532,294700,0.468,1960,80641,0,0,0.064,0.377,432,0.646,0.074,0,0.042,0,0,0,0.238,0.257,156.327,0.594,0.127,0.491,0.382,0,I,0,East Boston,1,1,7,1
