GEO.id,GEO.id2,GEO.display-label,medgrossrent,medgrossrent-moe,medhhinc,medhhinc-moe,HC01_VC05,HC02_VC05,HC03_VC05,HC04_VC05,HC01_VC06,HC02_VC06,HC03_VC06,HC04_VC06,HC01_VC07,HC02_VC07,HC03_VC07,HC04_VC07,HC01_VC08,HC02_VC08,punemployed,HC04_VC08,HC01_VC10,HC02_VC10,HC03_VC10,HC04_VC10,HC01_VC13,HC02_VC13,HC03_VC13,HC04_VC13,HC01_VC16,HC02_VC16,HC03_VC16,HC04_VC16,HC01_VC17,HC02_VC17,HC03_VC17,HC04_VC17,HC01_VC18,HC02_VC18,HC03_VC18,HC04_VC18,HC01_VC29,HC02_VC29,HC03_VC29,HC04_VC29,HC01_VC30,HC02_VC30,HC03_VC30,HC04_VC30,HC01_VC31,HC02_VC31,HC03_VC31,HC04_VC31,HC01_VC32,HC02_VC32,HC03_VC32,HC04_VC32,HC01_VC33,HC02_VC33,HC03_VC33,HC04_VC33,HC01_VC34,HC02_VC34,HC03_VC34,HC04_VC34,meancommute,meancommute-moe,HC03_VC36,HC04_VC36,HC01_VC86,HC02_VC86,HC03_VC86,HC04_VC86
Id,Id2,Geography,Estimate; Median gross rent as a percentage of household income,Margin of Error; Median gross rent as a percentage of household income,Estimate; Median household income in the past 12 months (in 2010 inflation-adjusted dollars),Margin of Error; Median household income in the past 12 months (in 2010 inflation-adjusted dollars),Estimate; EMPLOYMENT STATUS - In labor force,Estimate Margin of Error; EMPLOYMENT STATUS - In labor force,Percent; EMPLOYMENT STATUS - In labor force,Percent Margin of Error; EMPLOYMENT STATUS - In labor force,Estimate; EMPLOYMENT STATUS - In labor force - Civilian labor force,Estimate Margin of Error; EMPLOYMENT STATUS - In labor force - Civilian labor force,Percent; EMPLOYMENT STATUS - In labor force - Civilian labor force,Percent Margin of Error; EMPLOYMENT STATUS - In labor force - Civilian labor force,Estimate; EMPLOYMENT STATUS - In labor force - Civilian labor force - Employed,Estimate Margin of Error; EMPLOYMENT STATUS - In labor force - Civilian labor force - Employed,Percent; EMPLOYMENT STATUS - In labor force - Civilian labor force - Employed,Percent Margin of Error; EMPLOYMENT STATUS - In labor force - Civilian labor force - Employed,Estimate; EMPLOYMENT STATUS - In labor force - Civilian labor force - Unemployed,Estimate Margin of Error; EMPLOYMENT STATUS - In labor force - Civilian labor force - Unemployed,Percent; EMPLOYMENT STATUS - In labor force - Civilian labor force - Unemployed,Percent Margin of Error; EMPLOYMENT STATUS - In labor force - Civilian labor force - Unemployed,Estimate; EMPLOYMENT STATUS - Not in labor force,Estimate Margin of Error; EMPLOYMENT STATUS - Not in labor force,Percent; EMPLOYMENT STATUS - Not in labor force,Percent Margin of Error; EMPLOYMENT STATUS - Not in labor force,Estimate; EMPLOYMENT STATUS - Percent Unemployed,Estimate Margin of Error; EMPLOYMENT STATUS - Percent Unemployed,Percent; EMPLOYMENT STATUS - Percent Unemployed,Percent Margin of Error; EMPLOYMENT STATUS - Percent Unemployed,Estimate; EMPLOYMENT STATUS - In labor force,Estimate Margin of Error; EMPLOYMENT STATUS - In labor force,Percent; EMPLOYMENT STATUS - In labor force,Percent Margin of Error; EMPLOYMENT STATUS - In labor force,Estimate; EMPLOYMENT STATUS - In labor force - Civilian labor force,Estimate Margin of Error; EMPLOYMENT STATUS - In labor force - Civilian labor force,Percent; EMPLOYMENT STATUS - In labor force - Civilian labor force,Percent Margin of Error; EMPLOYMENT STATUS - In labor force - Civilian labor force,Estimate; EMPLOYMENT STATUS - In labor force - Civilian labor force - Employed,Estimate Margin of Error; EMPLOYMENT STATUS - In labor force - Civilian labor force - Employed,Percent; EMPLOYMENT STATUS - In labor force - Civilian labor force - Employed,Percent Margin of Error; EMPLOYMENT STATUS - In labor force - Civilian labor force - Employed,"Estimate; COMMUTING TO WORK - Car, truck, or van -- drove alone","Estimate Margin of Error; COMMUTING TO WORK - Car, truck, or van -- drove alone","Percent; COMMUTING TO WORK - Car, truck, or van -- drove alone","Percent Margin of Error; COMMUTING TO WORK - Car, truck, or van -- drove alone","Estimate; COMMUTING TO WORK - Car, truck, or van -- carpooled","Estimate Margin of Error; COMMUTING TO WORK - Car, truck, or van -- carpooled","Percent; COMMUTING TO WORK - Car, truck, or van -- carpooled","Percent Margin of Error; COMMUTING TO WORK - Car, truck, or van -- carpooled",Estimate; COMMUTING TO WORK - Public transportation (excluding taxicab),Estimate Margin of Error; COMMUTING TO WORK - Public transportation (excluding taxicab),Percent; COMMUTING TO WORK - Public transportation (excluding taxicab),Percent Margin of Error; COMMUTING TO WORK - Public transportation (excluding taxicab),Estimate; COMMUTING TO WORK - Walked,Estimate Margin of Error; COMMUTING TO WORK - Walked,Percent; COMMUTING TO WORK - Walked,Percent Margin of Error; COMMUTING TO WORK - Walked,Estimate; COMMUTING TO WORK - Other means,Estimate Margin of Error; COMMUTING TO WORK - Other means,Percent; COMMUTING TO WORK - Other means,Percent Margin of Error; COMMUTING TO WORK - Other means,Estimate; COMMUTING TO WORK - Worked at home,Estimate Margin of Error; COMMUTING TO WORK - Worked at home,Percent; COMMUTING TO WORK - Worked at home,Percent Margin of Error; COMMUTING TO WORK - Worked at home,Estimate; COMMUTING TO WORK - Mean travel time to work (minutes),Estimate Margin of Error; COMMUTING TO WORK - Mean travel time to work (minutes),Percent; COMMUTING TO WORK - Mean travel time to work (minutes),Percent Margin of Error; COMMUTING TO WORK - Mean travel time to work (minutes),Estimate; INCOME AND BENEFITS (IN 2010 INFLATION-ADJUSTED DOLLARS) - Mean household income (dollars),Estimate Margin of Error; INCOME AND BENEFITS (IN 2010 INFLATION-ADJUSTED DOLLARS) - Mean household income (dollars),Percent; INCOME AND BENEFITS (IN 2010 INFLATION-ADJUSTED DOLLARS) - Mean household income (dollars),Percent Margin of Error; INCOME AND BENEFITS (IN 2010 INFLATION-ADJUSTED DOLLARS) - Mean household income (dollars)
1400000US25025010405,25025010405,"Census Tract 104.05, Suffolk County, Massachusetts",31.8,3.2,14188,2473,1889,398,35.3,10.7,1889,398,35.3,10.7,1479,398,27.7,8.7,410,146,7.7,3.9,3455,1718,64.7,10.7,(X),(X),21.7,8.3,1135,291,40.6,7,1135,291,40.6,7,964,293,34.5,7.4,127,82,9.8,6.5,39,35,3,2.6,437,165,33.8,10.4,664,279,51.3,12.1,7,12,0.5,1,20,21,1.5,1.6,18.4,4.7,(X),(X),25871,4408,(X),(X)
1400000US25025010404,25025010404,"Census Tract 104.04, Suffolk County, Massachusetts",50.0+,***,17965,13732,2917,488,47.6,5.8,2917,488,47.6,5.8,2602,439,42.4,5.4,315,131,5.1,2,3215,619,52.4,5.8,(X),(X),10.8,4,1328,284,47.3,8.1,1328,284,47.3,8.1,1208,278,43,8.1,325,142,13.4,5.9,0,127,0,1.5,773,251,32,9.2,1151,373,47.6,10.5,22,37,0.9,1.5,148,122,6.1,5,18.6,2.4,(X),(X),38932,10101,(X),(X)
1400000US25025010801,25025010801,"Census Tract 108.01, Suffolk County, Massachusetts",24.1,3.5,112284,52187,2227,418,66.8,11.3,2227,418,66.8,11.3,2168,420,65,10.9,59,57,1.8,1.8,1107,640,33.2,11.3,(X),(X),2.6,2.6,1042,363,60.1,10.7,1042,363,60.1,10.7,1027,362,59.2,10.5,777,208,37.1,10.4,115,69,5.5,3.2,169,77,8.1,4,724,406,34.6,15.9,38,52,1.8,2.5,271,199,12.9,9.2,19.8,3.8,(X),(X),167786,39071,(X),(X)
1400000US25025010702,25025010702,"Census Tract 107.02, Suffolk County, Massachusetts",25,3.3,91071,18314,1920,314,74.9,7.6,1920,314,74.9,7.6,1857,303,72.5,8.3,63,54,2.5,1.9,643,256,25.1,7.6,(X),(X),3.3,2.7,1048,253,75.2,9.7,1048,253,75.2,9.7,1009,247,72.4,10.3,408,144,22.6,7.3,71,63,3.9,3.3,465,173,25.7,8.5,747,219,41.3,9.3,77,54,4.3,3,39,36,2.2,2,24.5,6.3,(X),(X),178481,40223,(X),(X)
1400000US25025010204,25025010204,"Census Tract 102.04, Suffolk County, Massachusetts",50.0+,***,35023,8301,1479,279,62.7,6,1479,279,62.7,6,1406,273,59.6,6.7,73,58,3.1,2.4,880,207,37.3,6,(X),(X),4.9,3.8,834,239,62.3,9.2,834,239,62.3,9.2,817,239,61.1,9.7,262,218,19.6,15.1,26,29,1.9,2.2,382,158,28.6,11.2,602,172,45.1,10.7,48,58,3.6,4.3,16,28,1.2,2.2,19.3,2.9,(X),(X),59013,13286,(X),(X)
1400000US25025010802,25025010802,"Census Tract 108.02, Suffolk County, Massachusetts",29.7,15.7,85362,23541,1998,334,68.8,9.9,1998,334,68.8,9.9,1947,307,67,9.1,51,63,1.8,2.2,908,319,31.2,9.9,(X),(X),2.6,3,872,185,58.1,12.1,872,185,58.1,12.1,861,185,57.3,12.1,498,158,26.1,7.5,79,130,4.1,6.7,471,163,24.7,8.8,619,199,32.4,7.4,71,80,3.7,4,172,75,9,3.9,24.8,2.6,(X),(X),134401,29819,(X),(X)
1400000US25025010104,25025010104,"Census Tract 101.04, Suffolk County, Massachusetts",39.2,6.3,35262,12584,3050,473,59.5,5.2,3036,473,59.3,5.2,2916,467,56.9,5.1,120,59,2.3,1.2,2072,382,40.5,5.2,(X),(X),4,1.9,1627,344,56.7,6.4,1627,344,56.7,6.4,1557,329,54.3,6.3,352,130,12.3,4.4,104,79,3.6,2.8,741,188,25.9,6.6,1285,338,44.9,8.5,161,157,5.6,5.1,216,114,7.6,3.6,19.1,1.9,(X),(X),66639,12968,(X),(X)
1400000US25025000703,25025000703,"Census Tract 7.03, Suffolk County, Massachusetts",50.0+,***,19299,8828,1783,352,62.2,8,1771,350,61.8,7.9,1666,326,58.2,8.5,105,122,3.7,4.1,1082,275,37.8,8,(X),(X),5.9,6.6,624,222,52.7,11.4,624,222,52.7,11.4,594,214,50.2,10.4,160,74,10.1,4,118,70,7.4,4.5,685,167,43.1,8.8,303,118,19.1,7.8,212,152,13.4,8.1,110,75,6.9,4.5,27.5,2.3,(X),(X),34819,8764,(X),(X)
1400000US25025000504,25025000504,"Census Tract 5.04, Suffolk County, Massachusetts",34.7,4.9,39452,6600,3641,343,69,5.7,3641,343,69,5.7,3508,345,66.5,5.7,133,85,2.5,1.6,1633,373,31,5.7,(X),(X),3.7,2.3,1936,335,61.7,8,1936,335,61.7,8,1887,337,60.1,7.9,1029,242,30.4,6.2,268,151,7.9,4.3,1789,310,52.8,8.5,182,126,5.4,3.6,75,59,2.2,1.7,46,44,1.4,1.3,32.1,2.3,(X),(X),49405,5553,(X),(X)
1400000US25025000704,25025000704,"Census Tract 7.04, Suffolk County, Massachusetts",35.5,4,41606,4051,3448,473,77,4.9,3448,473,77,4.9,3387,481,75.7,5,61,47,1.4,1.1,1029,244,23,4.9,(X),(X),1.8,1.4,1549,248,74,6.7,1549,248,74,6.7,1539,243,73.5,6.6,622,217,19.1,5.9,208,121,6.4,3.8,1886,420,57.9,8.5,301,122,9.2,3.5,154,89,4.7,2.6,88,73,2.7,2.4,35.2,2.3,(X),(X),54630,5817,(X),(X)
1400000US25025010103,25025010103,"Census Tract 101.03, Suffolk County, Massachusetts",50.0+,***,16210,12621,1593,430,42.5,7.6,1593,430,42.5,7.6,1513,432,40.4,8,80,62,2.1,1.6,2152,572,57.5,7.6,(X),(X),5,4.2,1004,331,47.3,9.6,1004,331,47.3,9.6,989,330,46.6,9.8,102,74,7,5.2,44,42,3,2.6,261,100,17.9,6.3,881,308,60.3,7.3,19,25,1.3,1.8,153,77,10.5,4,13.7,1.7,(X),(X),34374,9564,(X),(X)
1400000US25025000803,25025000803,"Census Tract 8.03, Suffolk County, Massachusetts",46.6,15.6,23429,4753,1056,331,32.1,6.1,1056,331,32.1,6.1,875,249,26.6,4.9,181,143,5.5,3.8,2236,564,67.9,6.1,(X),(X),17.1,10.3,613,191,32.6,7.8,613,191,32.6,7.8,521,175,27.7,7.3,115,68,13.8,8,20,29,2.4,3.6,119,65,14.3,7.9,484,215,58,16,13,21,1.6,2.5,84,73,10.1,8.7,16.4,5.1,(X),(X),39216,10150,(X),(X)
1400000US25025120201,25025120201,"Census Tract 1202.01, Suffolk County, Massachusetts",27.9,3.7,60560,14264,2845,413,83.2,5.4,2845,413,83.2,5.4,2687,370,78.6,5,158,101,4.6,2.8,574,168,16.8,5.4,(X),(X),5.6,3.2,1308,213,79.7,7.9,1308,213,79.7,7.9,1216,167,74.1,6.7,696,186,26.2,8.4,242,173,9.1,6.1,1268,262,47.7,7.8,286,188,10.8,6.2,70,54,2.6,2.1,96,57,3.6,2.2,28.6,2.3,(X),(X),71068,8075,(X),(X)
1400000US25025120104,25025120104,"Census Tract 1201.04, Suffolk County, Massachusetts",29.1,4.1,63125,9275,1375,180,83.4,6.2,1375,180,83.4,6.2,1301,166,78.9,6.3,74,63,4.5,3.7,274,102,16.6,6.2,(X),(X),5.4,4.4,820,134,82.4,7.8,820,134,82.4,7.8,766,135,77,8.6,445,113,34.2,8,93,47,7.1,3.5,595,147,45.7,8.4,42,30,3.2,2.4,34,48,2.6,3.7,92,50,7.1,4,31.5,2.4,(X),(X),80398,12481,(X),(X)
1400000US25025110607,25025110607,"Census Tract 1106.07, Suffolk County, Massachusetts",28.1,2.7,82642,25048,2902,340,62.9,6.1,2902,340,62.9,6.1,2770,348,60,6.3,132,104,2.9,2.3,1712,368,37.1,6.1,(X),(X),4.5,3.6,1585,297,57.3,8,1585,297,57.3,8,1490,300,53.9,8.2,1465,259,54.2,7.8,315,141,11.7,5.2,735,223,27.2,6.5,42,39,1.6,1.4,60,49,2.2,1.8,86,63,3.2,2.3,31.9,3.5,(X),(X),90092,9684,(X),(X)
1400000US25025000302,25025000302,"Census Tract 3.02, Suffolk County, Massachusetts",22.1,6.7,83357,19037,2277,296,80.9,4.1,2277,296,80.9,4.1,2202,290,78.3,4.5,75,56,2.7,2,537,125,19.1,4.1,(X),(X),3.3,2.5,923,184,75.2,7,923,184,75.2,7,871,170,70.9,7.7,1163,346,54.5,12.7,161,92,7.5,4.5,703,223,32.9,10.1,60,38,2.8,1.7,20,23,0.9,1.1,28,25,1.3,1.2,34,3.5,(X),(X),95769,13922,(X),(X)
1400000US25025000301,25025000301,"Census Tract 3.01, Suffolk County, Massachusetts",21.5,2.9,87230,9018,1840,282,84.6,4.8,1840,282,84.6,4.8,1774,282,81.6,4.8,66,54,3,2.6,334,119,15.4,4.8,(X),(X),3.6,3,887,232,83.1,5.6,887,232,83.1,5.6,860,232,80.5,6.2,947,240,54.2,13,109,84,6.2,4.5,370,148,21.2,7.7,117,120,6.7,6.6,105,86,6,5.2,98,90,5.6,4.8,23,2.8,(X),(X),96722,11083,(X),(X)
1400000US25025140400,25025140400,"Census Tract 1404, Suffolk County, Massachusetts",31.6,7.7,59036,8814,4673,596,71.1,4.6,4673,596,71.1,4.6,4104,478,62.5,4.9,569,236,8.7,3.1,1895,328,28.9,4.6,(X),(X),12.2,4.2,2511,334,69.2,5.7,2511,334,69.2,5.7,2280,295,62.9,5.5,2387,351,61.6,6.1,94,80,2.4,2,1200,263,31,5.4,67,86,1.7,2.2,0,127,0,1,129,92,3.3,2.5,34.4,2.8,(X),(X),67640,7421,(X),(X)
1400000US25025140300,25025140300,"Census Tract 1403, Suffolk County, Massachusetts",31.5,9.9,49524,11869,3596,634,70.9,5.9,3596,634,70.9,5.9,3080,544,60.7,5.1,516,243,10.2,4.5,1479,301,29.1,5.9,(X),(X),14.3,5.9,1800,366,62.7,7,1800,366,62.7,7,1552,298,54.1,6.6,1743,404,61,7.8,331,217,11.6,7.5,617,194,21.6,7,94,95,3.3,3.2,0,127,0,1.3,74,89,2.6,2.9,35.7,3.7,(X),(X),65834,11608,(X),(X)
1400000US25025140201,25025140201,"Census Tract 1402.01, Suffolk County, Massachusetts",27.6,6.4,54000,18014,1433,182,79.9,6.3,1433,182,79.9,6.3,1368,191,76.3,7.1,65,57,3.6,3.2,360,127,20.1,6.3,(X),(X),4.5,4.1,711,169,78.1,10.1,711,169,78.1,10.1,673,166,74,11.4,865,186,63.8,10.5,97,67,7.2,5.1,369,144,27.2,9.5,8,16,0.6,1.2,0,127,0,2.7,17,28,1.3,2.1,29.2,4.4,(X),(X),71399,10533,(X),(X)
1400000US25025140202,25025140202,"Census Tract 1402.02, Suffolk County, Massachusetts",33.4,10.2,63792,8398,3031,363,68.3,5.8,3031,363,68.3,5.8,2797,316,63,5.4,234,110,5.3,2.3,1406,304,31.7,5.8,(X),(X),7.7,3.2,1518,281,62.9,8,1518,281,62.9,8,1408,242,58.4,7.4,1747,297,63.6,9.4,125,84,4.5,2.9,556,204,20.2,7.1,69,72,2.5,2.6,91,105,3.3,3.7,160,110,5.8,4,31,3,(X),(X),74787,9761,(X),(X)
1400000US25025140102,25025140102,"Census Tract 1401.02, Suffolk County, Massachusetts",47.5,12.5,64732,14380,2442,229,73.9,3.9,2442,229,73.9,3.9,2182,223,66.1,4.9,260,101,7.9,2.9,861,159,26.1,3.9,(X),(X),10.6,4,1384,154,74.4,5.1,1384,154,74.4,5.1,1228,150,66.1,6.6,1454,182,70.9,6.9,238,153,11.6,7.1,278,99,13.5,4.8,21,33,1,1.6,7,13,0.3,0.6,54,48,2.6,2.3,29.1,3.1,(X),(X),73364,7088,(X),(X)
1400000US25025130402,25025130402,"Census Tract 1304.02, Suffolk County, Massachusetts",22.4,4.2,73217,4817,2700,324,71.7,5.2,2700,324,71.7,5.2,2589,319,68.7,5.3,111,88,2.9,2.3,1068,202,28.3,5.2,(X),(X),4.1,3.2,1146,159,64,7.8,1146,159,64,7.8,1128,159,63,7.8,1788,236,72.9,6.2,136,88,5.5,3.6,389,150,15.9,5.2,17,28,0.7,1.1,18,29,0.7,1.2,106,93,4.3,3.8,33.3,3.8,(X),(X),90266,9505,(X),(X)
1400000US25025130300,25025130300,"Census Tract 1303, Suffolk County, Massachusetts",28.2,16.1,90313,17029,2746,208,74.7,3.5,2746,208,74.7,3.5,2544,204,69.2,4.7,202,117,5.5,3.1,928,140,25.3,3.5,(X),(X),7.4,4.1,1483,168,72.4,5.3,1483,168,72.4,5.3,1387,153,67.8,6.8,1516,206,62.5,6.7,374,152,15.4,5.8,342,107,14.1,4.4,24,24,1,1,45,55,1.9,2.3,124,66,5.1,2.6,31.9,1.6,(X),(X),110769,11193,(X),(X)
1400000US25025130200,25025130200,"Census Tract 1302, Suffolk County, Massachusetts",23.6,3.2,90655,16511,3018,311,75.5,4.5,3018,311,75.5,4.5,2815,287,70.4,4.6,203,104,5.1,2.5,982,197,24.6,4.5,(X),(X),6.7,3.3,1551,252,73.8,6.1,1551,252,73.8,6.1,1476,231,70.2,6.1,1980,254,72.1,6.2,205,109,7.5,3.9,416,130,15.1,4.4,30,32,1.1,1.2,0,127,0,1.4,115,78,4.2,2.9,29.3,2.4,(X),(X),111851,17347,(X),(X)
1400000US25025130100,25025130100,"Census Tract 1301, Suffolk County, Massachusetts",27.3,13.3,71213,10884,2739,311,70.8,4.7,2739,311,70.8,4.7,2519,253,65.1,3.9,220,129,5.7,3.2,1129,171,29.2,4.7,(X),(X),8,4.2,1457,261,68.1,8,1457,261,68.1,8,1406,250,65.8,7.7,1900,275,79.4,7.5,84,61,3.5,2.5,302,135,12.6,5.4,0,127,0,1.6,21,37,0.9,1.5,86,68,3.6,2.8,31.7,3,(X),(X),93543,18756,(X),(X)
1400000US25025120700,25025120700,"Census Tract 1207, Suffolk County, Massachusetts",37.6,11.8,58893,12182,1449,194,75.1,6.1,1449,194,75.1,6.1,1413,193,73.2,6.1,36,32,1.9,1.7,481,142,24.9,6.1,(X),(X),2.5,2.2,617,114,74.3,8.3,617,114,74.3,8.3,581,107,70,7.9,534,137,38.5,10.9,94,65,6.8,4.5,485,153,34.9,8.8,107,77,7.7,5.5,150,99,10.8,6.7,18,24,1.3,1.7,27.7,1.9,(X),(X),90972,36715,(X),(X)
1400000US25025120600,25025120600,"Census Tract 1206, Suffolk County, Massachusetts",26.4,2.9,82500,19265,1905,297,86.4,4.9,1905,297,86.4,4.9,1752,263,79.5,4.5,153,89,6.9,3.8,300,104,13.6,4.9,(X),(X),8,4.2,1066,169,86,4.9,1066,169,86,4.9,986,145,79.6,5,544,123,31.2,6.2,84,55,4.8,3.2,720,155,41.3,7,170,90,9.8,4.4,133,62,7.6,3.5,91,58,5.2,3,28.5,2.7,(X),(X),114971,23599,(X),(X)
1400000US25025120500,25025120500,"Census Tract 1205, Suffolk County, Massachusetts",34.6,15,49013,10466,1463,232,72.9,7.7,1463,232,72.9,7.7,1383,227,68.9,7.5,80,62,4,3.1,543,176,27.1,7.7,(X),(X),5.5,4.1,820,175,83.2,7.3,820,175,83.2,7.3,775,173,78.6,7.9,494,149,36,9.4,62,59,4.5,4,488,137,35.6,8.9,202,106,14.7,6.8,116,83,8.5,6.1,10,16,0.7,1.2,27.3,3.4,(X),(X),63333,9942,(X),(X)
1400000US25025120400,25025120400,"Census Tract 1204, Suffolk County, Massachusetts",29.1,6,84567,17295,3762,381,77.5,4.6,3762,381,77.5,4.6,3644,383,75.1,4.7,118,66,2.4,1.4,1092,240,22.5,4.6,(X),(X),3.1,1.8,2054,205,76.9,6.1,2054,205,76.9,6.1,1995,206,74.7,6.1,1340,298,37.1,6.6,141,89,3.9,2.4,1658,301,45.9,7.1,197,96,5.4,2.8,123,70,3.4,1.9,156,86,4.3,2.3,28.3,1.7,(X),(X),94407,12985,(X),(X)
1400000US25025110601,25025110601,"Census Tract 1106.01, Suffolk County, Massachusetts",32,5.4,100197,18077,1490,190,61,11.8,1490,190,61,11.8,1450,188,59.4,11.6,40,24,1.6,1.1,951,429,39,11.8,(X),(X),2.7,1.7,734,125,54.5,13.4,734,125,54.5,13.4,725,125,53.9,13.3,1022,141,71.1,7.6,91,92,6.3,6,214,90,14.9,6.1,0,127,0,2.6,10,16,0.7,1.1,101,67,7,4.6,29.1,3,(X),(X),122318,15540,(X),(X)
1400000US25025110502,25025110502,"Census Tract 1105.02, Suffolk County, Massachusetts",43.9,8.4,50924,9405,2033,237,71.1,5.1,2033,237,71.1,5.1,1824,214,63.8,5.3,209,123,7.3,4.2,825,163,28.9,5.1,(X),(X),10.3,5.7,1093,174,68.4,7.7,1093,174,68.4,7.7,929,180,58.1,9.2,964,137,56.1,7.9,63,47,3.7,2.8,540,185,31.4,8.5,52,54,3,3.1,23,26,1.3,1.5,77,73,4.5,4.2,29.8,3.6,(X),(X),61717,7314,(X),(X)
1400000US25025110501,25025110501,"Census Tract 1105.01, Suffolk County, Massachusetts",27.4,3.7,90613,18004,2119,206,74.1,5.8,2119,206,74.1,5.8,1930,190,67.5,5.4,189,75,6.6,2.6,741,205,25.9,5.8,(X),(X),8.9,3.4,1030,168,73.3,6.2,1030,168,73.3,6.2,922,150,65.6,6.1,1042,159,56,7.7,242,110,13,5.8,401,168,21.6,8,31,32,1.7,1.7,38,39,2,2,106,66,5.7,3.6,28.7,2.7,(X),(X),98207,8315,(X),(X)
1400000US25025110401,25025110401,"Census Tract 1104.01, Suffolk County, Massachusetts",41.7,20.9,46944,21680,2030,223,70.7,5.6,2030,223,70.7,5.6,1815,228,63.2,6.1,215,118,7.5,4.2,840,180,29.3,5.6,(X),(X),10.6,5.7,1151,127,70.8,7.8,1151,127,70.8,7.8,1073,137,66,8,854,143,48.2,6.6,161,86,9.1,4.7,638,165,36,6.9,6,20,0.3,1.1,42,41,2.4,2.3,72,48,4.1,2.9,32.9,2.9,(X),(X),63668,8675,(X),(X)
1400000US25025101102,25025101102,"Census Tract 1011.02, Suffolk County, Massachusetts",50.0+,***,37646,6882,2271,310,71.6,5.3,2271,310,71.6,5.3,1905,252,60,5.3,366,136,11.5,3.8,902,171,28.4,5.3,(X),(X),16.1,5,1294,228,68.4,7.8,1294,228,68.4,7.8,1129,201,59.6,8.1,711,179,38.6,8.5,206,89,11.2,5.2,843,221,45.8,9.5,57,62,3.1,3.3,11,17,0.6,0.9,13,21,0.7,1.1,39.2,4.9,(X),(X),42288,5340,(X),(X)
1400000US25025101101,25025101101,"Census Tract 1011.01, Suffolk County, Massachusetts",26.9,12.5,53924,9135,2009,332,76.8,4.6,1978,324,75.6,4.7,1624,226,62.1,4.2,354,147,13.5,4.5,608,121,23.2,4.6,(X),(X),17.9,5.4,944,179,68.7,8.4,944,179,68.7,8.4,828,143,60.3,7.1,683,159,41.7,8.2,185,120,11.3,7.3,655,176,40,8.1,93,65,5.7,3.7,11,19,0.7,1.2,10,16,0.6,1,30.8,4,(X),(X),63541,9848,(X),(X)
1400000US25025101002,25025101002,"Census Tract 1010.02, Suffolk County, Massachusetts",33.9,6.1,39474,8753,3075,559,62.4,8,3075,559,62.4,8,2601,537,52.8,8.8,474,256,9.6,5,1851,483,37.6,8,(X),(X),15.4,8,1832,371,62.5,7.8,1832,371,62.5,7.8,1536,330,52.4,10.2,1322,315,50.8,9.4,270,166,10.4,7.4,841,404,32.3,10.5,9,13,0.3,0.5,52,74,2,2.9,107,81,4.1,3.3,38.5,5.6,(X),(X),53813,7094,(X),(X)
1400000US25025101001,25025101001,"Census Tract 1010.01, Suffolk County, Massachusetts",32.2,10.4,66000,13785,3126,533,63.8,6.6,3126,533,63.8,6.6,2703,482,55.2,6.7,423,197,8.6,3.8,1772,314,36.2,6.6,(X),(X),13.5,5.7,1816,342,60.9,8,1816,342,60.9,8,1667,364,55.9,9.1,1098,368,43.5,10.4,579,244,22.9,9.4,789,258,31.2,8.6,21,35,0.8,1.4,28,41,1.1,1.6,11,18,0.4,0.7,35.8,3.8,(X),(X),66171,8228,(X),(X)
1400000US25025100900,25025100900,"Census Tract 1009, Suffolk County, Massachusetts",32,3.9,57077,6892,2513,295,75.1,6.8,2513,295,75.1,6.8,2203,337,65.9,8.4,310,134,9.3,4.1,832,241,24.9,6.8,(X),(X),12.3,5.7,1285,169,69.2,8.3,1285,169,69.2,8.3,1115,188,60,10.1,1049,280,49.5,9.2,252,144,11.9,6.9,601,216,28.4,9.3,103,69,4.9,3.2,78,65,3.7,3.2,35,47,1.7,2.2,36.2,5.4,(X),(X),68932,9564,(X),(X)
1400000US25025100800,25025100800,"Census Tract 1008, Suffolk County, Massachusetts",33.7,5.2,56800,15463,3302,366,69.6,5.4,3302,366,69.6,5.4,2882,366,60.7,7,420,165,8.8,3.1,1445,323,30.4,5.4,(X),(X),12.7,4.9,1804,246,68.5,7.9,1804,246,68.5,7.9,1635,231,62,8,1518,292,54.8,8.5,207,99,7.5,3.5,726,187,26.2,6.8,141,100,5.1,3.4,34,38,1.2,1.4,145,148,5.2,5.1,26.4,2.7,(X),(X),68448,9023,(X),(X)
1400000US25025100601,25025100601,"Census Tract 1006.01, Suffolk County, Massachusetts",31.8,4.4,51783,4406,2972,403,75.5,5.2,2972,403,75.5,5.2,2606,362,66.2,5.9,366,164,9.3,3.9,963,258,24.5,5.2,(X),(X),12.3,5,1359,232,68.8,8.4,1359,232,68.8,8.4,1268,237,64.2,8.3,1425,315,55.9,9.9,252,139,9.9,5.4,739,258,29,8.4,82,81,3.2,3.1,0,127,0,1.5,49,54,1.9,2.1,32.3,3,(X),(X),65930,9204,(X),(X)
1400000US25025100500,25025100500,"Census Tract 1005, Suffolk County, Massachusetts",36.2,11.3,41575,7502,2848,508,75.2,5.4,2848,508,75.2,5.4,2359,452,62.3,7.1,489,203,12.9,4.8,938,195,24.8,5.4,(X),(X),17.2,6.5,1374,245,68.2,7.6,1374,245,68.2,7.6,1297,236,64.4,7.8,1115,354,49.7,8.3,101,88,4.5,3.8,868,172,38.7,8.5,115,94,5.1,3.8,0,127,0,1.7,46,44,2,2.1,33.4,5.4,(X),(X),56586,10717,(X),(X)
1400000US25025100400,25025100400,"Census Tract 1004, Suffolk County, Massachusetts",31.5,8.4,47171,12145,2639,441,71.2,7.6,2639,441,71.2,7.6,2203,339,59.5,7.6,436,235,11.8,5.7,1066,324,28.8,7.6,(X),(X),16.5,7.6,1417,254,68.5,8,1417,254,68.5,8,1283,232,62,8.6,1080,246,52.5,9.1,122,67,5.9,3.3,701,214,34.1,8.5,88,110,4.3,5.2,10,16,0.5,0.8,57,67,2.8,3.1,34.6,5.1,(X),(X),56836,6978,(X),(X)
1400000US25025100300,25025100300,"Census Tract 1003, Suffolk County, Massachusetts",34.9,40.8,44071,6764,1883,309,68.9,7.6,1883,309,68.9,7.6,1454,300,53.2,8.4,429,183,15.7,6.6,849,239,31.1,7.6,(X),(X),22.8,9.2,987,242,67,8.7,987,242,67,8.7,811,253,55,11.4,635,263,45.1,12.2,288,147,20.5,10.3,351,126,24.9,9.1,66,63,4.7,4.5,35,40,2.5,2.7,32,43,2.3,3.2,33.1,3.9,(X),(X),51511,8342,(X),(X)
1400000US25025981300,25025981300,"Census Tract 9813, Suffolk County, Massachusetts",44.1,34.3,73625,36158,223,75,95.7,6,223,75,95.7,6,223,75,95.7,6,0,127,0,14.8,10,15,4.3,6,(X),(X),0,15.4,79,44,88.8,16,79,44,88.8,16,79,44,88.8,16,144,69,67.6,19.8,0,127,0,16.1,50,42,23.5,18.9,10,17,4.7,6.9,9,15,4.2,6.6,0,127,0,16.1,21.7,3.6,(X),(X),72309,12324,(X),(X)
1400000US25025100200,25025100200,"Census Tract 1002, Suffolk County, Massachusetts",39.3,11.4,46122,9607,1449,244,64.4,8.3,1449,244,64.4,8.3,1342,242,59.6,8.5,107,69,4.8,3,801,243,35.6,8.3,(X),(X),7.4,4.7,840,148,65.5,9.5,840,148,65.5,9.5,787,151,61.3,9.1,601,145,44.8,11.1,129,108,9.6,7.3,581,187,43.3,10.9,0,127,0,2.8,0,127,0,2.8,31,43,2.3,3.1,43.5,6.8,(X),(X),57927,10113,(X),(X)
1400000US25025100100,25025100100,"Census Tract 1001, Suffolk County, Massachusetts",34.2,3.1,26007,5923,2526,372,67.9,5.2,2526,372,67.9,5.2,2184,342,58.7,5.3,342,130,9.2,3.3,1196,198,32.1,5.2,(X),(X),13.5,4.8,1445,250,66.7,6.1,1445,250,66.7,6.1,1228,237,56.7,6.5,826,187,40.1,9.6,185,126,9,5.7,981,328,47.6,11.4,38,49,1.8,2.5,25,41,1.2,1.9,5,7,0.2,0.4,37.3,8.3,(X),(X),41877,6305,(X),(X)
1400000US25025092400,25025092400,"Census Tract 924, Suffolk County, Massachusetts",36.6,5.6,28597,9350,3212,393,77.3,4.5,3212,393,77.3,4.5,2404,335,57.9,4.9,808,192,19.4,4.2,943,182,22.7,4.5,(X),(X),25.2,5.1,1783,243,74.8,6.2,1783,243,74.8,6.2,1465,232,61.5,6.4,980,250,42.6,9.5,391,230,17,9.1,917,201,39.9,7.8,0,127,0,1.6,0,127,0,1.6,12,20,0.5,0.8,38.2,4.7,(X),(X),38654,6253,(X),(X)
1400000US25025092300,25025092300,"Census Tract 923, Suffolk County, Massachusetts",34.3,10.3,36573,5537,1594,251,72.4,5.5,1594,251,72.4,5.5,1352,250,61.4,7.7,242,129,11,5.7,608,119,27.6,5.5,(X),(X),15.2,7.9,794,168,78.2,8.6,794,168,78.2,8.6,706,178,69.6,10.3,601,199,45.2,12,101,69,7.6,5.6,588,219,44.2,13.2,16,20,1.2,1.5,0,127,0,2.8,25,30,1.9,2.3,33.2,4.2,(X),(X),55605,9363,(X),(X)
1400000US25025092200,25025092200,"Census Tract 922, Suffolk County, Massachusetts",37.7,8,46618,8690,1872,279,73.5,6.4,1872,279,73.5,6.4,1482,236,58.2,8.3,390,205,15.3,7.3,676,174,26.5,6.4,(X),(X),20.8,9.6,579,139,57.5,9.7,579,139,57.5,9.7,483,136,48,10.8,595,176,40.8,11,170,86,11.7,5.9,545,196,37.4,11.8,62,54,4.3,3.5,0,127,0,2.5,86,68,5.9,4.3,35.8,4.3,(X),(X),68622,11748,(X),(X)
1400000US25025092000,25025092000,"Census Tract 920, Suffolk County, Massachusetts",38.6,14.9,49342,9523,2570,339,66.7,5.4,2570,339,66.7,5.4,2120,363,55,7.1,450,196,11.7,5,1284,220,33.3,5.4,(X),(X),17.5,7.5,1394,266,63,7.6,1394,266,63,7.6,1143,271,51.7,9.5,715,209,36.1,10.4,286,122,14.4,6.4,790,265,39.8,10.7,27,38,1.4,1.8,152,228,7.7,10.9,13,23,0.7,1.2,37.1,7.3,(X),(X),62775,9068,(X),(X)
1400000US25025091900,25025091900,"Census Tract 919, Suffolk County, Massachusetts",49.2,15.7,30069,7610,1619,316,65.2,7.5,1619,316,65.2,7.5,1294,291,52.1,8.1,325,142,13.1,5.4,863,207,34.8,7.5,(X),(X),20.1,8.2,859,213,59.4,10.4,859,213,59.4,10.4,703,185,48.6,9.9,516,186,41.3,12.8,162,108,13,8.2,514,224,41.2,14.3,15,25,1.2,2,15,25,1.2,1.9,26,41,2.1,3.2,40.9,5.7,(X),(X),40949,6539,(X),(X)
1400000US25025091800,25025091800,"Census Tract 918, Suffolk County, Massachusetts",38.1,17.2,42368,21665,1696,311,74.2,8.9,1696,311,74.2,8.9,1476,307,64.5,9.7,220,110,9.6,4.8,591,213,25.8,8.9,(X),(X),13,6.5,889,204,68.6,11.4,889,204,68.6,11.4,747,212,57.7,13.8,711,273,49.3,14.5,202,161,14,10.6,480,180,33.3,12.1,7,13,0.5,0.9,33,37,2.3,2.7,8,15,0.6,1,36.6,4.3,(X),(X),50741,9047,(X),(X)
1400000US25025091700,25025091700,"Census Tract 917, Suffolk County, Massachusetts",40.4,11.1,47371,7325,1837,325,75.3,4.5,1837,325,75.3,4.5,1424,278,58.4,8.2,413,174,16.9,5.9,601,157,24.7,4.5,(X),(X),22.5,8.3,953,206,72,6.9,953,206,72,6.9,838,187,63.3,8.2,458,155,33.2,9.1,74,59,5.4,4.3,705,225,51.2,11.7,94,60,6.8,4.1,47,56,3.4,4,0,127,0,2.7,29.7,3.2,(X),(X),58465,8002,(X),(X)
1400000US25025091600,25025091600,"Census Tract 916, Suffolk County, Massachusetts",37.9,8,29632,13074,1525,249,67,6.2,1525,249,67,6.2,1238,269,54.4,8.1,287,106,12.6,5,752,143,33,6.2,(X),(X),18.8,7.8,678,153,60.1,8.5,678,153,60.1,8.5,459,145,40.7,11.1,530,165,47.5,10.9,84,54,7.5,5.6,444,194,39.8,12.8,47,44,4.2,3.9,10,18,0.9,1.6,0,127,0,3.3,37.2,6.4,(X),(X),45802,7866,(X),(X)
1400000US25025981100,25025981100,"Census Tract 9811, Suffolk County, Massachusetts",-0,**,-0,**,12,19,18.2,34.8,12,19,18.2,34.8,12,19,18.2,34.8,0,127,0,39.2,54,62,81.8,34.8,(X),(X),0,92,12,19,100,92,12,19,100,92,12,19,100,92,0,127,0,92,0,127,0,92,12,19,100,92,0,127,0,92,0,127,0,92,0,127,0,92,N,N,(X),(X),N,N,(X),(X)
1400000US25025140105,25025140105,"Census Tract 1401.05, Suffolk County, Massachusetts",27.1,20.8,74853,11023,2294,274,78.4,4.5,2294,274,78.4,4.5,2131,248,72.8,5.8,163,101,5.6,3.2,632,135,21.6,4.5,(X),(X),7.1,4.1,1286,179,79.3,5.9,1286,179,79.3,5.9,1220,176,75.3,6.2,1205,214,59.4,9.3,281,155,13.8,7.7,539,211,26.6,8.7,0,127,0,1.8,0,127,0,1.8,4,15,0.2,0.7,31.8,3.4,(X),(X),81531,9488,(X),(X)
1400000US25025120105,25025120105,"Census Tract 1201.05, Suffolk County, Massachusetts",-0,**,143482,28231,1316,220,64.2,8.9,1316,220,64.2,8.9,1210,207,59,10.6,106,86,5.2,3.8,734,289,35.8,8.9,(X),(X),8.1,6.3,733,167,56.2,11.1,733,167,56.2,11.1,653,140,50.1,13.2,813,184,70.5,9.2,93,64,8.1,5.5,116,60,10.1,5.2,44,42,3.8,3.5,12,18,1,1.6,76,47,6.6,4,27.4,3.4,(X),(X),175500,27729,(X),(X)
1400000US25025120301,25025120301,"Census Tract 1203.01, Suffolk County, Massachusetts",29.2,2.3,59707,9002,3076,335,80.2,4.8,3076,335,80.2,4.8,2932,323,76.4,4.9,144,86,3.8,2.2,761,200,19.8,4.8,(X),(X),4.7,2.7,1478,186,77.6,6.6,1478,186,77.6,6.6,1389,180,73,7.2,1065,223,36.7,6.6,438,199,15.1,6.3,1085,226,37.4,7.7,143,68,4.9,2.3,110,65,3.8,2.2,57,43,2,1.5,29.6,2.4,(X),(X),87291,19038,(X),(X)
1400000US25025071201,25025071201,"Census Tract 712.01, Suffolk County, Massachusetts",28.3,2.7,37098,10597,1533,214,63.1,4.8,1533,214,63.1,4.8,1233,189,50.7,6.5,300,101,12.3,3.3,897,155,36.9,4.8,(X),(X),19.6,5.8,512,146,55.9,9,512,146,55.9,9,478,137,52.2,9.7,514,155,41.7,10.7,81,84,6.6,6.5,278,121,22.5,9,270,99,21.9,7.7,23,26,1.9,2.1,67,57,5.4,4.7,30.2,6.1,(X),(X),83489,19824,(X),(X)
1400000US25025091001,25025091001,"Census Tract 910.01, Suffolk County, Massachusetts",30.8,6.6,59345,8565,1474,192,68.1,6.5,1474,192,68.1,6.5,1378,178,63.7,6,96,57,4.4,2.6,690,168,31.9,6.5,(X),(X),6.5,3.6,799,161,67.3,10.9,799,161,67.3,10.9,730,149,61.5,9.9,690,114,51.8,6.6,112,56,8.4,4.3,353,116,26.5,7.1,90,50,6.8,3.9,15,25,1.1,1.8,72,62,5.4,4.5,27.1,2.2,(X),(X),79508,14806,(X),(X)
1400000US25025091500,25025091500,"Census Tract 915, Suffolk County, Massachusetts",28.6,4.8,42857,13144,2312,340,64.7,6.7,2312,340,64.7,6.7,1893,273,53,6.3,419,185,11.7,4.7,1262,267,35.3,6.7,(X),(X),18.1,6.8,1179,201,64.6,8.4,1179,201,64.6,8.4,1005,167,55.1,7.9,768,171,41.9,10.2,234,116,12.8,6.1,642,257,35.1,10.4,80,62,4.4,3.4,36,43,2,2.3,71,48,3.9,2.6,29.3,4.5,(X),(X),56872,8056,(X),(X)
1400000US25025091400,25025091400,"Census Tract 914, Suffolk County, Massachusetts",42.7,8.6,30938,13054,1249,225,67.4,9.3,1249,225,67.4,9.3,1069,219,57.7,9.8,180,128,9.7,6.9,605,234,32.6,9.3,(X),(X),14.4,9.7,785,133,71.4,8.5,785,133,71.4,8.5,659,136,59.9,9.2,345,148,33.7,9.9,193,105,18.8,10.6,358,119,34.9,11.6,108,85,10.5,6.7,9,15,0.9,1.5,12,18,1.2,1.8,30,2.7,(X),(X),45122,8360,(X),(X)
1400000US25025091300,25025091300,"Census Tract 913, Suffolk County, Massachusetts",50.0+,***,30467,4410,780,218,59.3,10.6,774,214,58.8,10.4,637,187,48.4,10.6,137,87,10.4,6.1,536,148,40.7,10.6,(X),(X),17.7,10.2,442,126,54.7,10.1,442,126,54.7,10.1,396,124,49,11.1,234,95,36.9,13.6,87,59,13.7,8.5,235,135,37.1,17,36,38,5.7,5.7,42,47,6.6,7.2,0,127,0,5.7,29,4.5,(X),(X),36496,8165,(X),(X)
1400000US25025091200,25025091200,"Census Tract 912, Suffolk County, Massachusetts",30,5.1,53657,9440,1686,315,71.2,7.6,1686,315,71.2,7.6,1507,297,63.6,7.4,179,78,7.6,3.2,683,261,28.8,7.6,(X),(X),10.6,4.3,764,210,63.9,9.3,764,210,63.9,9.3,662,204,55.4,9.6,732,243,49.2,12.5,278,133,18.7,7.5,388,124,26.1,8.8,61,59,4.1,3.6,17,29,1.1,1.8,11,17,0.7,1.2,28.9,4.2,(X),(X),61449,8586,(X),(X)
1400000US25025091100,25025091100,"Census Tract 911, Suffolk County, Massachusetts",36.5,5.4,61706,8131,2555,350,74.2,6.2,2548,350,74,6.2,2460,355,71.5,6.1,88,56,2.6,1.7,887,254,25.8,6.2,(X),(X),3.5,2.2,1212,232,67.4,8.6,1205,232,67.1,8.5,1162,246,64.7,8.8,1000,238,41.5,6.4,285,155,11.8,6.4,974,227,40.4,6.8,87,84,3.6,3.7,45,43,1.9,1.8,21,23,0.9,0.9,28.4,2.7,(X),(X),76707,10898,(X),(X)
1400000US25025090700,25025090700,"Census Tract 907, Suffolk County, Massachusetts",33,3.4,41750,9065,2532,343,71.1,5.8,2490,358,70,6.3,2307,369,64.8,7,183,96,5.1,2.7,1027,222,28.9,5.8,(X),(X),7.3,3.9,1224,237,69.5,8.5,1224,237,69.5,8.5,1102,229,62.6,9.4,1012,245,44.9,8.7,177,86,7.8,3.6,868,229,38.5,8.5,96,91,4.3,3.8,86,64,3.8,3,17,26,0.8,1.2,25.8,2.2,(X),(X),63256,10138,(X),(X)
1400000US25025090600,25025090600,"Census Tract 906, Suffolk County, Massachusetts",39.8,36.4,44141,20123,1007,206,72.8,7.1,1007,206,72.8,7.1,871,220,62.9,10.7,136,123,9.8,8.8,377,124,27.2,7.1,(X),(X),13.5,12.1,663,189,72.7,10.8,663,189,72.7,10.8,552,157,60.5,13.6,341,123,39.2,13.9,90,78,10.3,8.6,357,183,41,18,83,79,9.5,7.9,0,127,0,4.2,0,127,0,4.2,33.2,9,(X),(X),47843,10140,(X),(X)
1400000US25025090400,25025090400,"Census Tract 904, Suffolk County, Massachusetts",38.8,9.8,34659,6299,1713,229,67.4,6,1713,229,67.4,6,1443,209,56.8,5.8,270,126,10.6,4.9,829,202,32.6,6,(X),(X),15.8,6.7,881,164,63.2,8.4,881,164,63.2,8.4,780,158,56,8.4,521,176,36.9,10.4,109,80,7.7,5.9,701,176,49.6,9.6,37,40,2.6,2.9,35,43,2.5,3,10,15,0.7,1,38,5.1,(X),(X),46584,7501,(X),(X)
1400000US25025090300,25025090300,"Census Tract 903, Suffolk County, Massachusetts",42.6,14.3,16495,5027,1152,226,64.1,7.9,1152,226,64.1,7.9,771,201,42.9,8.6,381,151,21.2,8,646,193,35.9,7.9,(X),(X),33.1,11.4,671,142,61.7,9.9,671,142,61.7,9.9,422,136,38.8,11.2,299,111,40.8,11.1,132,80,18,11.2,234,119,32,12.9,40,40,5.5,5.6,27,31,3.7,4.4,0,127,0,5,27.5,3.3,(X),(X),31691,7702,(X),(X)
1400000US25025090200,25025090200,"Census Tract 902, Suffolk County, Massachusetts",39.7,10.8,16055,2829,929,208,65.7,10.4,929,208,65.7,10.4,659,172,46.6,9.7,270,117,19.1,7.7,486,160,34.3,10.4,(X),(X),29.1,10.4,580,126,62.7,13,580,126,62.7,13,407,123,44,13.6,205,86,31.1,9.5,133,96,20.2,14.4,253,117,38.4,14.3,63,54,9.6,7.8,0,127,0,5.5,5,10,0.8,1.6,28.4,4.2,(X),(X),31323,10247,(X),(X)
1400000US25025040801,25025040801,"Census Tract 408.01, Suffolk County, Massachusetts",30.7,2.6,32333,10491,1812,249,63.5,7.1,1807,250,63.3,7.2,1562,205,54.7,6.1,245,99,8.6,3.3,1042,220,36.5,7.1,(X),(X),13.6,4.5,957,176,56.9,9.5,952,177,56.6,9.6,848,174,50.4,9.6,754,152,49.3,7.6,152,81,9.9,5.1,423,130,27.7,7.8,116,64,7.6,4.1,18,28,1.2,1.8,66,43,4.3,2.7,28.2,2.3,(X),(X),85297,16665,(X),(X)
1400000US25025010203,25025010203,"Census Tract 102.03, Suffolk County, Massachusetts",44.9,7.8,35906,7302,3057,383,62.7,6.5,3057,383,62.7,6.5,2833,364,58.1,6.4,224,127,4.6,2.6,1817,384,37.3,6.5,(X),(X),7.3,4,1599,332,68.6,7.3,1599,332,68.6,7.3,1476,309,63.3,6.6,411,175,14.9,6,33,36,1.2,1.3,704,197,25.5,6.3,1392,286,50.3,7.9,101,76,3.7,2.7,124,88,4.5,3.2,19.9,2,(X),(X),55094,10508,(X),(X)
1400000US25025110403,25025110403,"Census Tract 1104.03, Suffolk County, Massachusetts",34,9.4,59234,8368,2441,261,63.8,4.4,2441,261,63.8,4.4,2243,279,58.6,4.7,198,113,5.2,3,1384,210,36.2,4.4,(X),(X),8.1,4.7,1383,217,63.2,6.3,1383,217,63.2,6.3,1307,213,59.7,6.2,1252,267,56.1,10.7,326,150,14.6,6,524,159,23.5,6.7,105,77,4.7,3.2,10,17,0.4,0.8,13,22,0.6,1,31.1,3.2,(X),(X),72912,15315,(X),(X)
1400000US25025110201,25025110201,"Census Tract 1102.01, Suffolk County, Massachusetts",30.7,5.3,53148,7808,1116,143,73.5,6.3,1116,143,73.5,6.3,968,159,63.8,9.3,148,96,9.7,6,402,102,26.5,6.3,(X),(X),13.3,8.3,629,88,71.1,7.2,629,88,71.1,7.2,589,84,66.6,7.7,744,127,76.9,8.3,31,46,3.2,4.8,182,88,18.8,7.6,0,127,0,3.8,7,16,0.7,1.6,4,11,0.4,1.2,36.1,7.3,(X),(X),68065,6976,(X),(X)
1400000US25025090100,25025090100,"Census Tract 901, Suffolk County, Massachusetts",39.1,5.5,30389,6598,2415,336,67.6,5.1,2415,336,67.6,5.1,1899,286,53.1,5.6,516,169,14.4,4.2,1160,225,32.4,5.1,(X),(X),21.4,6,1128,227,59.2,7.4,1128,227,59.2,7.4,982,228,51.5,8.4,657,181,37.4,7.7,233,95,13.3,5.1,747,177,42.5,8.4,44,49,2.5,2.7,48,53,2.7,2.9,27,37,1.5,2.1,35.7,4.3,(X),(X),41281,5793,(X),(X)
1400000US25025082100,25025082100,"Census Tract 821, Suffolk County, Massachusetts",32.3,2.5,20700,5921,1994,321,58.7,7.2,1994,321,58.7,7.2,1637,296,48.2,6.8,357,131,10.5,3.8,1405,281,41.3,7.2,(X),(X),17.9,6.1,1124,184,55.9,7.5,1124,184,55.9,7.5,943,174,46.9,7.1,638,177,39.7,9.6,231,142,14.4,7.8,662,205,41.2,10.3,22,25,1.4,1.6,47,38,2.9,2.3,6,11,0.4,0.7,36.7,6.2,(X),(X),42330,11548,(X),(X)
1400000US25025082000,25025082000,"Census Tract 820, Suffolk County, Massachusetts",32.4,5,41172,15267,1500,242,71.6,6.3,1500,242,71.6,6.3,1211,206,57.8,6.8,289,119,13.8,5.1,595,156,28.4,6.3,(X),(X),19.3,6.9,855,155,68.8,8.6,855,155,68.8,8.6,714,133,57.5,9.2,420,133,35.4,9.1,97,63,8.2,5.2,521,141,43.9,10.8,41,40,3.5,3.4,100,82,8.4,6.4,9,15,0.8,1.2,32,4.7,(X),(X),53139,10342,(X),(X)
1400000US25025081900,25025081900,"Census Tract 819, Suffolk County, Massachusetts",30.5,3.6,43853,7620,1385,231,68.8,5.9,1385,231,68.8,5.9,1231,205,61.1,6.8,154,88,7.6,3.9,629,139,31.2,5.9,(X),(X),11.1,5.7,882,166,74.1,8.7,882,166,74.1,8.7,834,167,70,9.6,489,157,40.6,10.7,114,80,9.5,7,574,189,47.7,12.9,17,24,1.4,2,10,16,0.8,1.3,0,127,0,3.1,31.7,3.4,(X),(X),52571,6673,(X),(X)
1400000US25025081800,25025081800,"Census Tract 818, Suffolk County, Massachusetts",34.8,12.5,45000,6377,1509,322,70.7,6.2,1509,322,70.7,6.2,1344,324,63,7.6,165,80,7.7,3.8,625,152,29.3,6.2,(X),(X),10.9,5.6,914,192,73.3,7.7,914,192,73.3,7.7,829,197,66.5,9.4,439,145,34.5,10.3,132,81,10.4,5.5,640,209,50.3,10.7,55,55,4.3,4.1,0,127,0,2.9,6,12,0.5,0.9,34,6.3,(X),(X),49766,6858,(X),(X)
1400000US25025081700,25025081700,"Census Tract 817, Suffolk County, Massachusetts",29.3,2.9,35781,13374,1515,265,61.5,5.5,1515,265,61.5,5.5,1358,262,55.1,6.7,157,94,6.4,3.7,949,139,38.5,5.5,(X),(X),10.4,6.1,696,184,53.8,9,696,184,53.8,9,586,164,45.3,8.9,533,136,41.8,10,202,139,15.8,9.1,326,115,25.6,8.8,120,72,9.4,4.7,20,25,1.6,2,74,55,5.8,4.2,22.3,2.8,(X),(X),50192,7719,(X),(X)
1400000US25025081500,25025081500,"Census Tract 815, Suffolk County, Massachusetts",39,12.9,45357,19352,1141,245,70,11.5,1141,245,70,11.5,760,190,46.6,10.1,381,151,23.4,8.5,490,237,30,11.5,(X),(X),33.4,10.5,633,196,62.5,11.8,633,196,62.5,11.8,413,158,40.8,10.5,383,167,51,16.9,38,46,5.1,6.3,228,110,30.4,12.8,34,38,4.5,5.2,26,42,3.5,5.7,42,49,5.6,6.4,27.2,7.2,(X),(X),48496,9686,(X),(X)
1400000US25025081400,25025081400,"Census Tract 814, Suffolk County, Massachusetts",28,5.7,54718,17085,1983,311,78.2,5.1,1983,311,78.2,5.1,1815,298,71.6,6,168,117,6.6,4.5,553,130,21.8,5.1,(X),(X),8.5,5.7,837,198,76.2,7.5,837,198,76.2,7.5,805,193,73.2,8.1,618,182,34,9.3,109,81,6,4.4,663,211,36.5,8.9,272,108,15,5.8,68,55,3.7,3,85,73,4.7,3.8,28,3.9,(X),(X),80571,18340,(X),(X)
1400000US25025081300,25025081300,"Census Tract 813, Suffolk County, Massachusetts",29.5,1.3,16835,3183,1715,313,45.6,8.3,1715,313,45.6,8.3,1409,291,37.5,7.4,306,136,8.1,3.7,2045,471,54.4,8.3,(X),(X),17.8,7.3,956,187,48.7,9.4,956,187,48.7,9.4,755,163,38.5,8.4,674,214,49.4,10.2,178,135,13.1,8.6,386,128,28.3,9.8,35,41,2.6,3.1,0,127,0,2.7,90,81,6.6,6,28.3,4.3,(X),(X),29407,4722,(X),(X)
1400000US25025110103,25025110103,"Census Tract 1101.03, Suffolk County, Massachusetts",30.3,4.1,56487,9713,3513,453,76.6,5.7,3513,453,76.6,5.7,3309,442,72.1,5,204,147,4.4,3.3,1075,305,23.4,5.7,(X),(X),5.8,4.1,2062,325,78.2,6.2,2062,325,78.2,6.2,1996,289,75.7,5.5,1311,312,41.4,7.8,130,89,4.1,2.7,1414,367,44.7,9.5,102,153,3.2,4.7,137,93,4.3,3.2,71,69,2.2,2.2,30.5,2.3,(X),(X),64237,7111,(X),(X)
1400000US25025110301,25025110301,"Census Tract 1103.01, Suffolk County, Massachusetts",24.1,8.6,83990,22440,1741,328,88.8,4.5,1741,328,88.8,4.5,1601,278,81.7,4.8,140,86,7.1,3.8,219,77,11.2,4.5,(X),(X),8,4.2,831,132,86,7.1,831,132,86,7.1,794,141,82.2,8.4,763,149,49.3,9.3,232,159,15,9.5,425,149,27.5,8.5,16,26,1,1.7,32,46,2.1,3,79,55,5.1,3.4,36.6,5.1,(X),(X),86637,11424,(X),(X)
1400000US25025140106,25025140106,"Census Tract 1401.06, Suffolk County, Massachusetts",27.6,2.5,30417,9467,944,146,60.3,7.7,944,146,60.3,7.7,789,145,50.4,7.4,155,83,9.9,5.4,622,151,39.7,7.7,(X),(X),16.4,8.4,541,133,55.3,11.7,541,133,55.3,11.7,422,116,43.1,10.2,323,117,43.8,11.7,147,108,19.9,13.8,250,90,33.9,12.8,17,28,2.3,3.7,0,127,0,5,0,127,0,5,33.5,7.8,(X),(X),40297,5352,(X),(X)
1400000US25025010701,25025010701,"Census Tract 107.01, Suffolk County, Massachusetts",31.4,10.8,88438,21551,1617,198,75.3,6.9,1617,198,75.3,6.9,1582,202,73.6,6.6,35,41,1.6,2,531,198,24.7,6.9,(X),(X),2.2,2.5,718,149,72.5,8.7,718,149,72.5,8.7,694,144,70.1,8.2,500,143,32.2,8.5,33,36,2.1,2.4,461,143,29.7,8.6,497,139,32,7.3,31,34,2,2.2,32,35,2.1,2.2,27.2,4.2,(X),(X),122759,23596,(X),(X)
1400000US25025010408,25025010408,"Census Tract 104.08, Suffolk County, Massachusetts",44.5,10.2,44492,4328,1108,143,89.6,5.9,1085,139,87.8,6.3,1049,144,84.9,7.3,36,36,2.9,2.9,128,74,10.4,5.9,(X),(X),3.3,3.3,505,137,82.7,10.1,482,131,78.9,10.6,446,128,73,12.2,204,87,19.8,7.6,32,45,3.1,4.4,309,139,30,13.1,429,132,41.6,12.5,16,25,1.6,2.5,41,51,4,4.7,22.5,2.6,(X),(X),49474,11571,(X),(X)
1400000US25025000503,25025000503,"Census Tract 5.03, Suffolk County, Massachusetts",28.3,10,62083,10582,1622,252,86.4,6.2,1622,252,86.4,6.2,1533,252,81.6,6.8,89,64,4.7,3.4,256,117,13.6,6.2,(X),(X),5.5,4,847,221,82.9,10.4,847,221,82.9,10.4,791,222,77.4,11.9,565,168,36.9,9,68,82,4.4,5.4,797,189,52,8.9,87,46,5.7,2.9,0,127,0,2.4,16,26,1,1.7,34.2,3.7,(X),(X),65006,7309,(X),(X)
1400000US25025081200,25025081200,"Census Tract 812, Suffolk County, Massachusetts",27,3.1,25472,6527,1300,224,57.7,6.7,1300,224,57.7,6.7,1110,230,49.2,7.8,190,75,8.4,3.3,954,203,42.3,6.7,(X),(X),14.6,6,790,154,52,9.1,790,154,52,9.1,661,146,43.5,8.8,321,94,29.8,6.9,43,61,4,5.4,505,147,46.8,10.8,63,47,5.8,4.5,90,66,8.3,5.3,56,53,5.2,4.6,28.6,3.1,(X),(X),43007,6691,(X),(X)
1400000US25025081100,25025081100,"Census Tract 811, Suffolk County, Massachusetts",34.7,4.2,46250,8850,2622,336,69.7,5.8,2622,336,69.7,5.8,2530,334,67.3,5.9,92,72,2.4,1.9,1138,274,30.3,5.8,(X),(X),3.5,2.7,1114,232,64.7,8.2,1114,232,64.7,8.2,1067,237,61.9,8.8,765,206,30.8,7.1,82,60,3.3,2.5,1045,194,42.1,6.6,364,165,14.7,5.9,215,144,8.7,5.6,13,19,0.5,0.8,30.2,3.5,(X),(X),57226,7204,(X),(X)
1400000US25025080900,25025080900,"Census Tract 809, Suffolk County, Massachusetts",39.9,6.6,33750,6710,2223,431,64.2,9.1,2223,431,64.2,9.1,2078,420,60,8.3,145,94,4.2,2.9,1241,375,35.8,9.1,(X),(X),6.5,4.1,1048,301,60,11.2,1048,301,60,11.2,1007,299,57.6,11.3,254,114,12.7,6.6,133,57,6.6,3.1,601,218,30,7.7,672,203,33.5,9.8,345,278,17.2,11.8,0,127,0,1.9,22.6,3,(X),(X),47666,8614,(X),(X)
1400000US25025080801,25025080801,"Census Tract 808.01, Suffolk County, Massachusetts",28.8,3.4,15588,2471,1370,407,51.1,11.5,1370,407,51.1,11.5,1047,395,39,12.2,323,142,12,5.1,1313,353,48.9,11.5,(X),(X),23.6,11.2,672,218,49.2,8.5,672,218,49.2,8.5,429,176,31.4,9.1,234,115,25.8,10.5,53,55,5.8,6.4,299,132,33,11,320,158,35.3,11.5,0,127,0,4.1,0,127,0,4.1,19.3,2.9,(X),(X),25827,5010,(X),(X)
1400000US25025080601,25025080601,"Census Tract 806.01, Suffolk County, Massachusetts",35.1,2.7,18897,12227,1289,325,70.2,9.2,1289,325,70.2,9.2,1179,332,64.2,10,110,96,6,5.4,547,180,29.8,9.2,(X),(X),8.5,7.5,705,255,70.4,10.7,705,255,70.4,10.7,676,252,67.5,10.1,238,126,20.6,9.8,69,59,6,5.1,558,186,48.3,13.6,290,203,25.1,13.6,0,127,0,3.2,0,127,0,3.2,24.4,3.7,(X),(X),33533,7641,(X),(X)
1400000US25025080500,25025080500,"Census Tract 805, Suffolk County, Massachusetts",37.2,8.2,15481,5256,1092,228,52.9,8.4,1092,228,52.9,8.4,801,186,38.8,7.2,291,167,14.1,8,971,179,47.1,8.4,(X),(X),26.6,13,674,176,55.7,10.8,674,176,55.7,10.8,438,127,36.2,9.8,236,106,29.5,10.8,169,117,21.1,14.1,304,138,38,14.8,92,77,11.5,9.4,0,127,0,4.6,0,127,0,4.6,26.7,5.6,(X),(X),25180,5975,(X),(X)
1400000US25025080401,25025080401,"Census Tract 804.01, Suffolk County, Massachusetts",40.6,9.2,15073,3095,856,165,51.8,7.7,856,165,51.8,7.7,622,155,37.6,7.8,234,114,14.2,6.8,797,146,48.2,7.7,(X),(X),27.3,12.1,569,125,49.8,9.3,569,125,49.8,9.3,346,100,30.3,8.3,229,89,38.6,13.8,65,49,11,7.7,240,98,40.5,12.1,45,40,7.6,6.8,0,127,0,6.1,14,23,2.4,3.8,23.9,2.6,(X),(X),25375,4625,(X),(X)
1400000US25025080300,25025080300,"Census Tract 803, Suffolk County, Massachusetts",30.8,7,30362,7141,706,244,48.4,16.1,706,244,48.4,16.1,565,220,38.7,14.2,141,103,9.7,7.2,753,318,51.6,16.1,(X),(X),20,13.1,416,147,45.6,13.6,416,147,45.6,13.6,353,159,38.7,14.8,233,145,43.1,19.1,25,28,4.6,5.3,81,59,15,11.2,192,134,35.5,18.5,10,17,1.8,3.2,0,127,0,6.7,18.5,6.1,(X),(X),34532,8652,(X),(X)
1400000US25025071101,25025071101,"Census Tract 711.01, Suffolk County, Massachusetts",28,1.7,42317,6733,2251,284,66,6.6,2251,284,66,6.6,1974,279,57.8,7,277,138,8.1,4,1162,308,34,6.6,(X),(X),12.3,5.9,874,201,64.5,9.5,874,201,64.5,9.5,741,170,54.7,9.3,707,172,36.7,8.6,41,49,2.1,2.6,552,167,28.7,6.9,446,161,23.2,7.7,102,83,5.3,4.1,78,58,4,3,21.2,2.3,(X),(X),67099,10218,(X),(X)
1400000US25025070900,25025070900,"Census Tract 709, Suffolk County, Massachusetts",29.9,2.6,41364,11658,1826,248,69.7,5.6,1826,248,69.7,5.6,1735,215,66.3,6.6,91,88,3.5,3.1,792,173,30.3,5.6,(X),(X),5,4.5,968,180,71.9,9.3,968,180,71.9,9.3,968,180,71.9,9.3,484,110,29,6.5,11,17,0.7,1,602,166,36.1,7.7,456,159,27.4,8.4,36,38,2.2,2.3,78,55,4.7,3.3,26.6,4.1,(X),(X),78252,11769,(X),(X)
1400000US25025140107,25025140107,"Census Tract 1401.07, Suffolk County, Massachusetts",29.2,3.4,47297,12357,1530,296,73.3,8.8,1530,296,73.3,8.8,1376,300,66,9.1,154,60,7.4,3.1,556,209,26.7,8.8,(X),(X),10.1,4.4,755,157,73.2,7.4,755,157,73.2,7.4,661,154,64.1,8.1,708,201,53.5,12.5,180,86,13.6,7,323,217,24.4,13.6,38,47,2.9,3.6,32,33,2.4,2.4,43,54,3.2,3.9,30.3,6.6,(X),(X),71669,18490,(X),(X)
1400000US25025130404,25025130404,"Census Tract 1304.04, Suffolk County, Massachusetts",33.7,10.1,72396,25832,1566,277,63.4,7.6,1566,277,63.4,7.6,1517,264,61.4,7.6,49,56,2,2.2,905,283,36.6,7.6,(X),(X),3.1,3.4,878,181,57.7,10.9,878,181,57.7,10.9,868,183,57.1,11,1141,242,78.6,7.1,129,92,8.9,6,139,70,9.6,4.8,37,46,2.5,3.5,0,127,0,2.5,6,11,0.4,0.8,28.7,3.7,(X),(X),80906,11942,(X),(X)
1400000US25025130406,25025130406,"Census Tract 1304.06, Suffolk County, Massachusetts",34.1,3.8,33600,3713,2698,304,75.4,4.3,2698,304,75.4,4.3,2505,292,70,4.4,193,92,5.4,2.5,881,169,24.6,4.3,(X),(X),7.2,3.3,1380,207,73.5,6.7,1380,207,73.5,6.7,1281,203,68.2,6.9,1556,292,64,8.1,375,174,15.4,6.9,440,147,18.1,5.9,16,26,0.7,1,43,48,1.8,2,0,127,0,1.5,31.2,2.6,(X),(X),50039,6325,(X),(X)
1400000US25025120103,25025120103,"Census Tract 1201.03, Suffolk County, Massachusetts",22.2,11.2,147308,37588,1008,122,82.4,7.2,992,121,81.1,7.1,966,126,79,7.6,26,29,2.1,2.4,215,88,17.6,7.2,(X),(X),2.6,2.9,532,95,81.7,9,532,95,81.7,9,506,98,77.7,10.1,584,126,60.3,10.1,72,49,7.4,5.2,192,75,19.8,7.2,36,56,3.7,5.8,47,39,4.9,4.1,38,32,3.9,3.2,28.5,4,(X),(X),244054,54422,(X),(X)
1400000US25025100700,25025100700,"Census Tract 1007, Suffolk County, Massachusetts",27.1,2.5,66585,3976,2404,233,69.3,4.6,2318,215,66.8,4.9,2198,230,63.3,5.5,120,67,3.5,1.9,1067,172,30.7,4.6,(X),(X),5.2,3,1196,197,61.7,6.4,1196,197,61.7,6.4,1145,195,59.1,6.5,1307,225,64.3,7.2,165,71,8.1,3.4,407,106,20,5.2,116,125,5.7,6,12,19,0.6,0.9,26,30,1.3,1.5,29.5,3.2,(X),(X),71646,5975,(X),(X)
1400000US25025100603,25025100603,"Census Tract 1006.03, Suffolk County, Massachusetts",26.6,4,60417,23464,1101,166,63,8.3,1101,166,63,8.3,1027,166,58.8,8.4,74,51,4.2,2.9,646,195,37,8.3,(X),(X),6.7,4.6,510,103,51.2,10.2,510,103,51.2,10.2,479,96,48.1,9.6,623,120,61.9,8.9,140,85,13.9,7.8,166,77,16.5,7,43,43,4.3,4,13,19,1.3,1.9,22,31,2.2,3.1,30,5.5,(X),(X),71303,11067,(X),(X)
1400000US25025092101,25025092101,"Census Tract 921.01, Suffolk County, Massachusetts",36.6,7.8,42957,11996,3249,411,67.7,4.7,3249,411,67.7,4.7,2972,378,62,4.7,277,108,5.8,2.1,1548,271,32.3,4.7,(X),(X),8.5,3,1747,317,66.7,6.6,1747,317,66.7,6.6,1630,314,62.2,7.2,1463,282,49.6,7.3,372,183,12.6,5.9,897,232,30.4,7.2,183,100,6.2,3.3,16,29,0.5,1,16,27,0.5,1,30,2.7,(X),(X),62391,8325,(X),(X)
1400000US25025061101,25025061101,"Census Tract 611.01, Suffolk County, Massachusetts",28.9,2.6,12429,5914,772,156,48.7,7.4,772,156,48.7,7.4,631,134,39.8,6.9,141,82,8.9,5,813,143,51.3,7.4,(X),(X),18.3,9.4,558,135,52,9.6,558,135,52,9.6,490,118,45.6,9.2,268,113,43.9,17.3,0,127,0,6,267,104,43.8,12.7,75,54,12.3,8,0,127,0,6,0,127,0,6,33.3,9,(X),(X),16311,2843,(X),(X)
1400000US25025070800,25025070800,"Census Tract 708, Suffolk County, Massachusetts",32.7,6.4,45172,13193,2305,246,71.4,7.9,2305,246,71.4,7.9,2163,245,67,8,142,83,4.4,2.5,924,292,28.6,7.9,(X),(X),6.2,3.6,1105,192,69.8,8.7,1105,192,69.8,8.7,1007,184,63.6,8.8,403,153,19.3,7,43,55,2.1,2.6,1028,259,49.1,9,514,150,24.6,7.4,34,34,1.6,1.7,70,76,3.3,3.7,22.4,2.2,(X),(X),84463,18920,(X),(X)
1400000US25025070700,25025070700,"Census Tract 707, Suffolk County, Massachusetts",26.6,4.1,59048,24669,1532,239,74.8,6.9,1532,239,74.8,6.9,1419,233,69.3,6.6,113,62,5.5,3,516,138,25.2,6.9,(X),(X),7.4,3.9,912,220,71.4,9.3,912,220,71.4,9.3,855,226,67,9.3,292,106,20.9,7.5,26,25,1.9,1.8,417,154,29.8,10.1,585,204,41.9,11.2,31,27,2.2,1.9,46,41,3.3,2.8,21,2.3,(X),(X),130843,39710,(X),(X)
1400000US25025070600,25025070600,"Census Tract 706, Suffolk County, Massachusetts",35.9,16.1,87222,17050,1819,278,84.2,5.3,1795,282,83.1,5.6,1785,280,82.6,5.5,10,15,0.5,0.7,341,106,15.8,5.3,(X),(X),0.6,0.8,633,161,77.7,10.8,620,161,76.1,11,610,160,74.8,10.9,413,118,22.8,6.1,20,34,1.1,1.9,590,202,32.6,8.6,572,144,31.6,6.5,32,32,1.8,1.8,182,88,10.1,4.8,25.7,3.6,(X),(X),119495,21581,(X),(X)
1400000US25025070500,25025070500,"Census Tract 705, Suffolk County, Massachusetts",24.9,3.9,81331,27643,4384,826,68.1,11.8,4384,826,68.1,11.8,3663,485,56.9,7.8,721,440,11.2,6.5,2050,842,31.9,11.8,(X),(X),16.4,7.5,1740,300,71.6,6.7,1740,300,71.6,6.7,1535,280,63.1,7.3,785,175,21.9,5.4,168,107,4.7,3,1123,282,31.3,5.8,1268,277,35.3,6,97,79,2.7,2,151,84,4.2,2.3,26.4,3.3,(X),(X),121197,19292,(X),(X)
1400000US25025070300,25025070300,"Census Tract 703, Suffolk County, Massachusetts",24.2,4.3,106337,24363,2918,337,70,5.7,2918,337,70,5.7,2851,327,68.4,5.6,67,59,1.6,1.4,1251,333,30,5.7,(X),(X),2.3,2,1353,266,62,7.9,1353,266,62,7.9,1331,258,60.9,7.6,500,165,18.4,5.7,189,149,6.9,5.2,799,185,29.3,6.3,969,238,35.6,7.9,170,103,6.2,3.9,96,88,3.5,3.1,22.1,2.7,(X),(X),163098,38337,(X),(X)
1400000US25025070200,25025070200,"Census Tract 702, Suffolk County, Massachusetts",30.5,3.1,18224,4837,2480,345,49.8,4.7,2480,345,49.8,4.7,2101,342,42.2,5.4,379,148,7.6,2.9,2497,354,50.2,4.7,(X),(X),15.3,5.9,1224,213,50,7.9,1224,213,50,7.9,1063,196,43.4,7.5,242,100,11.8,4.3,109,79,5.3,3.7,663,151,32.3,7.3,890,244,43.3,9.7,10,17,0.5,0.8,140,161,6.8,7.5,21.7,3.3,(X),(X),39470,9206,(X),(X)
1400000US25025070101,25025070101,"Census Tract 701.01, Suffolk County, Massachusetts",32.6,5.6,41786,13088,2331,303,53,6,2331,303,53,6,2267,288,51.6,5.9,64,52,1.5,1.1,2063,407,47,6,(X),(X),2.7,2.2,1050,189,50.9,9,1050,189,50.9,9,1009,180,48.9,8.6,378,123,16.8,5.5,30,47,1.3,2.1,366,145,16.2,6.1,1294,274,57.4,7.8,98,70,4.3,3.1,90,62,4,2.8,18.1,2.6,(X),(X),135832,24931,(X),(X)
1400000US25025061200,25025061200,"Census Tract 612, Suffolk County, Massachusetts",28.4,2.6,66179,8155,2241,220,81,6.8,2226,223,80.4,6.8,2109,208,76.2,6.6,117,91,4.2,3.3,526,209,19,6.8,(X),(X),5.3,4,934,177,77.3,8.9,934,177,77.3,8.9,919,174,76,8.6,890,155,42.8,6.7,88,63,4.2,2.8,745,173,35.9,6.6,248,97,11.9,4.9,0,127,0,1.8,107,59,5.1,2.9,25.3,2.7,(X),(X),99830,17167,(X),(X)
1400000US25025061000,25025061000,"Census Tract 610, Suffolk County, Massachusetts",28.2,3,26056,4853,1454,316,57,9.3,1454,316,57,9.3,1341,296,52.6,9,113,86,4.4,3.3,1097,249,43,9.3,(X),(X),7.8,5.5,660,150,50.3,11.2,660,150,50.3,11.2,583,149,44.5,11,459,151,35.5,10.8,74,71,5.7,5.3,466,184,36.1,10.3,273,143,21.1,9,0,127,0,2.9,20,29,1.5,2.1,26.1,3.9,(X),(X),41825,7560,(X),(X)
1400000US25025060800,25025060800,"Census Tract 608, Suffolk County, Massachusetts",30.1,4.2,75814,10470,2614,309,80.3,4.3,2614,309,80.3,4.3,2522,288,77.5,4.1,92,80,2.8,2.4,640,151,19.7,4.3,(X),(X),3.5,2.9,1379,237,79.9,6.1,1379,237,79.9,6.1,1315,189,76.2,5.4,1253,232,49.7,7.7,45,37,1.8,1.4,824,235,32.7,7.7,345,107,13.7,4.4,21,24,0.8,1,34,32,1.3,1.3,24,2.3,(X),(X),85162,7888,(X),(X)
1400000US25025060700,25025060700,"Census Tract 607, Suffolk County, Massachusetts",32.7,3,17143,4241,749,145,53.9,8.2,749,145,53.9,8.2,592,98,42.6,7.7,157,118,11.3,7.8,641,155,46.1,8.2,(X),(X),21,12.9,511,127,54.4,9.3,511,127,54.4,9.3,409,103,43.5,9.2,270,94,45.6,15.6,10,16,1.7,2.7,291,110,49.2,15.5,21,24,3.5,4,0,127,0,6.1,0,127,0,6.1,30.5,4.3,(X),(X),21636,3954,(X),(X)
1400000US25025080100,25025080100,"Census Tract 801, Suffolk County, Massachusetts",36,11.7,46492,10622,719,181,28.5,5.8,719,181,28.5,5.8,643,157,25.5,5.3,76,65,3,2.4,1803,274,71.5,5.8,(X),(X),10.6,7.9,319,104,40,9.5,319,104,40,9.5,297,102,37.3,9.5,303,110,48,11.9,39,44,6.2,7.1,142,77,22.5,11.1,63,52,10,8.6,58,47,9.2,7,26,42,4.1,6.5,26.7,4.2,(X),(X),54157,11533,(X),(X)
1400000US25025060301,25025060301,"Census Tract 603.01, Suffolk County, Massachusetts",25.5,2.4,80457,14625,1995,207,79.3,4.7,1995,207,79.3,4.7,1953,204,77.6,4.8,42,40,1.7,1.6,522,130,20.7,4.7,(X),(X),2.1,2,1042,158,74.7,6,1042,158,74.7,6,1042,158,74.7,6,1020,197,54.7,10.1,29,38,1.6,2,589,200,31.6,9.2,104,69,5.6,3.7,23,26,1.2,1.4,100,81,5.4,4.4,24.1,2.6,(X),(X),92359,10873,(X),(X)
1400000US25025090901,25025090901,"Census Tract 909.01, Suffolk County, Massachusetts",33.1,2.1,30613,4154,2057,415,62,9.3,2057,415,62,9.3,1668,276,50.3,7,389,272,11.7,7.6,1262,320,38,9.3,(X),(X),18.9,10.7,953,182,58.6,9.8,953,182,58.6,9.8,812,162,50,9.3,633,182,38.9,9.4,127,82,7.8,4.9,719,188,44.2,8.5,126,75,7.7,4.2,0,127,0,2.3,23,24,1.4,1.5,27.8,2.5,(X),(X),38590,4841,(X),(X)
1400000US25025060101,25025060101,"Census Tract 601.01, Suffolk County, Massachusetts",24.5,7,70172,10604,2176,229,78,5.9,2176,229,78,5.9,2054,222,73.7,6,122,72,4.4,2.6,612,178,22,5.9,(X),(X),5.6,3.2,1078,192,76.1,7.9,1078,192,76.1,7.9,1006,190,71,7.9,891,177,46,7.7,119,63,6.1,3.4,744,144,38.4,6.8,32,33,1.7,1.7,77,122,4,6.1,74,64,3.8,3.4,30.9,10.2,(X),(X),85142,8990,(X),(X)
1400000US25025060600,25025060600,"Census Tract 606, Suffolk County, Massachusetts",28.7,6.2,78750,11021,1418,159,83.9,4.6,1418,159,83.9,4.6,1376,159,81.4,4.9,42,40,2.5,2.3,272,78,16.1,4.6,(X),(X),3,2.8,645,117,81.4,6.9,645,117,81.4,6.9,614,113,77.5,7.8,420,127,31.2,8.8,96,86,7.1,6.3,380,103,28.2,7.8,235,94,17.4,6.2,123,97,9.1,7,94,51,7,3.8,27.4,3.9,(X),(X),108000,21853,(X),(X)
1400000US25025060400,25025060400,"Census Tract 604, Suffolk County, Massachusetts",28.4,5.3,71711,12577,3224,368,72.4,4.3,3224,368,72.4,4.3,3137,363,70.5,4.4,87,63,2,1.4,1226,220,27.6,4.3,(X),(X),2.7,1.9,1761,294,69.3,6.3,1761,294,69.3,6.3,1728,295,68,6.5,1609,316,53.3,7.7,218,125,7.2,4.1,840,201,27.8,6.7,162,92,5.4,2.8,38,34,1.3,1.1,153,97,5.1,3.1,23.2,2.2,(X),(X),100392,14114,(X),(X)
1400000US25025060200,25025060200,"Census Tract 602, Suffolk County, Massachusetts",23.2,6.8,83398,10661,1514,212,85.2,4.4,1514,212,85.2,4.4,1404,211,79.1,5.6,110,105,6.2,5.8,262,75,14.8,4.4,(X),(X),7.3,6.7,642,170,79,8.7,642,170,79,8.7,573,167,70.5,9,869,194,62.6,15.8,46,26,3.3,1.9,418,271,30.1,16.4,26,26,1.9,1.8,19,28,1.4,2.1,11,18,0.8,1.3,24.8,2.4,(X),(X),97262,13451,(X),(X)
1400000US25025050700,25025050700,"Census Tract 507, Suffolk County, Massachusetts",26.5,4.2,54479,6736,3172,346,82.5,5.7,3172,346,82.5,5.7,2865,378,74.5,7.6,307,172,8,4.4,673,246,17.5,5.7,(X),(X),9.7,5.4,1245,187,73.4,8,1245,187,73.4,8,1036,219,61.1,11.2,701,203,24.8,7.2,531,273,18.8,8.4,1291,259,45.6,8,299,178,10.6,6.2,0,127,0,1.3,10,16,0.4,0.6,30.2,3.2,(X),(X),63208,8371,(X),(X)
1400000US25025050600,25025050600,"Census Tract 506, Suffolk County, Massachusetts",33.2,5.3,41196,17088,1092,250,73,9,1092,250,73,9,1084,251,72.5,9.1,8,13,0.5,0.9,404,150,27,9,(X),(X),0.7,1.2,380,125,65.6,14.6,380,125,65.6,14.6,372,125,64.2,14.7,157,88,14.5,7.9,47,42,4.3,4.1,786,240,72.5,13.6,26,34,2.4,3.2,68,107,6.3,9.6,0,127,0,3.4,34,6.3,(X),(X),49438,10537,(X),(X)
1400000US25025050500,25025050500,"Census Tract 505, Suffolk County, Massachusetts",38.1,8.5,40929,10117,1186,223,77.3,8.5,1186,223,77.3,8.5,1120,208,73,8.4,66,56,4.3,3.5,348,134,22.7,8.5,(X),(X),5.6,4.4,400,124,64.2,14.9,400,124,64.2,14.9,366,107,58.7,13.7,324,143,30.2,12.9,66,52,6.2,4.8,603,173,56.3,10.6,64,81,6,7.6,15,29,1.4,2.8,0,127,0,3.4,34.8,5.6,(X),(X),47393,7221,(X),(X)
1400000US25025050400,25025050400,"Census Tract 504, Suffolk County, Massachusetts",30.3,4.3,46250,10389,1535,369,76.1,7.9,1535,369,76.1,7.9,1381,380,68.4,8.7,154,90,7.6,4.8,483,159,23.9,7.9,(X),(X),10,6.3,455,130,59,10.4,455,130,59,10.4,381,133,49.4,10.8,395,138,29.8,12.6,86,83,6.5,6,776,359,58.5,13.4,52,57,3.9,4.3,0,127,0,2.8,18,29,1.4,2.2,26.6,3.4,(X),(X),70002,21835,(X),(X)
1400000US25025050300,25025050300,"Census Tract 503, Suffolk County, Massachusetts",30.9,3.5,14505,2354,720,163,48.1,10.1,720,163,48.1,10.1,590,163,39.4,10.2,130,80,8.7,5.4,776,179,51.9,10.1,(X),(X),18.1,11.1,421,116,56.2,11,421,116,56.2,11,301,96,40.2,11.2,120,64,20.3,10.2,7,17,1.2,3,405,136,68.6,12.3,45,50,7.6,7.9,8,17,1.4,2.9,5,9,0.8,1.5,27.2,4.3,(X),(X),28664,10074,(X),(X)
1400000US25025050200,25025050200,"Census Tract 502, Suffolk County, Massachusetts",29,3.9,51191,4696,3342,391,77.1,4.3,3342,391,77.1,4.3,3110,365,71.8,4.8,232,107,5.4,2.3,991,187,22.9,4.3,(X),(X),6.9,3,1302,227,65.7,6.3,1302,227,65.7,6.3,1193,201,60.2,6.9,772,167,25.7,5.7,527,234,17.5,7.1,1444,327,48,9,241,113,8,3.7,0,127,0,1.2,25,29,0.8,1,32.2,2.5,(X),(X),61803,7828,(X),(X)
1400000US25025040300,25025040300,"Census Tract 403, Suffolk County, Massachusetts",18.5,2.8,109028,14964,2709,256,79.6,5.2,2709,256,79.6,5.2,2611,258,76.7,5.9,98,81,2.9,2.3,695,187,20.4,5.2,(X),(X),3.6,2.9,1473,212,76.3,7.1,1473,212,76.3,7.1,1409,215,73,7.5,1288,241,51.9,6.8,153,88,6.2,3.6,686,174,27.6,6.3,234,92,9.4,3.6,31,29,1.2,1.2,90,51,3.6,2.2,29.1,4.2,(X),(X),120868,14247,(X),(X)
1400000US25025040200,25025040200,"Census Tract 402, Suffolk County, Massachusetts",20.6,5.2,51377,9838,876,197,71,9.5,876,197,71,9.5,841,196,68.2,9.7,35,33,2.8,2.7,357,110,29,9.5,(X),(X),4,3.8,349,118,62.4,13.4,349,118,62.4,13.4,338,116,60.5,13.5,263,90,31.7,9.4,134,92,16.1,8.5,324,110,39,11.5,79,51,9.5,6.2,13,21,1.6,2.5,17,21,2,2.5,24.9,3.7,(X),(X),82166,17349,(X),(X)
1400000US25025030500,25025030500,"Census Tract 305, Suffolk County, Massachusetts",25.4,4,82308,22996,1972,206,86.8,4.4,1951,201,85.9,4.5,1874,208,82.5,4.7,77,44,3.4,2,299,104,13.2,4.4,(X),(X),3.9,2.3,1157,165,85.5,4.8,1155,165,85.3,4.8,1117,170,82.5,5,396,131,21.3,6.3,35,41,1.9,2.2,392,152,21.1,7.2,944,138,50.8,6.9,0,127,0,2,92,68,4.9,3.5,21.6,1.7,(X),(X),131516,17808,(X),(X)
1400000US25025051101,25025051101,"Census Tract 511.01, Suffolk County, Massachusetts",23.6,6.1,51855,10829,4070,705,75.4,5.4,4070,705,75.4,5.4,3596,639,66.6,5.8,474,181,8.8,3,1331,250,24.6,5.4,(X),(X),11.6,3.9,1801,371,70.4,6.9,1801,371,70.4,6.9,1613,340,63,7.3,945,231,27.9,6.7,252,152,7.4,4.1,1970,440,58.2,7.5,82,71,2.4,2.1,95,152,2.8,4.4,40,48,1.2,1.4,30.2,3.7,(X),(X),64764,9308,(X),(X)
1400000US25025051000,25025051000,"Census Tract 510, Suffolk County, Massachusetts",35.1,4.5,39559,10479,2024,275,61.6,5.8,2024,275,61.6,5.8,1705,243,51.9,5.6,319,124,9.7,3.6,1264,203,38.4,5.8,(X),(X),15.8,5.5,875,140,52.8,7.7,875,140,52.8,7.7,701,140,42.3,8.2,886,221,52.3,9.9,145,97,8.6,5.7,508,154,30,7.7,49,43,2.9,2.6,27,30,1.6,1.7,79,64,4.7,3.8,24.3,2.4,(X),(X),53078,7779,(X),(X)
1400000US25025030400,25025030400,"Census Tract 304, Suffolk County, Massachusetts",26.2,3.5,61157,11841,1755,193,82.2,5.8,1755,193,82.2,5.8,1727,196,80.9,5.9,28,30,1.3,1.4,379,138,17.8,5.8,(X),(X),1.6,1.7,907,131,79.3,7.2,907,131,79.3,7.2,901,133,78.8,7.4,300,101,17.7,6,31,29,1.8,1.7,377,107,22.2,5.5,923,168,54.4,7.7,0,127,0,2.2,65,54,3.8,3.1,20.3,1.6,(X),(X),89678,17468,(X),(X)
1400000US25025030300,25025030300,"Census Tract 303, Suffolk County, Massachusetts",24.8,2.5,106602,27163,2984,322,69.4,5.1,2984,322,69.4,5.1,2887,313,67.1,5.3,97,67,2.3,1.5,1318,276,30.6,5.1,(X),(X),3.3,2.2,1309,293,64.6,8.2,1309,293,64.6,8.2,1279,290,63.2,8.2,538,162,19,5,27,37,1,1.3,450,156,15.9,5.5,1459,262,51.6,7.4,135,83,4.8,2.8,221,110,7.8,4,19.4,2.6,(X),(X),135049,15039,(X),(X)
1400000US25025030200,25025030200,"Census Tract 302, Suffolk County, Massachusetts",28.6,3.7,51909,5122,1351,226,83.5,5.8,1351,226,83.5,5.8,1326,227,82,6.2,25,30,1.5,1.8,267,96,16.5,5.8,(X),(X),1.9,2.2,793,226,82.3,7.9,793,226,82.3,7.9,780,228,81,8.6,83,54,6.4,4.2,11,17,0.9,1.3,469,237,36.3,14.7,686,178,53.1,14.7,31,40,2.4,3,13,22,1,1.8,18.2,1.8,(X),(X),71981,15741,(X),(X)
1400000US25025030100,25025030100,"Census Tract 301, Suffolk County, Massachusetts",28.3,6.2,53026,9374,1593,288,82.6,5.9,1593,288,82.6,5.9,1535,288,79.6,6.1,58,37,3,2,336,118,17.4,5.9,(X),(X),3.6,2.4,1008,258,86.7,5.9,1008,258,86.7,5.9,960,258,82.6,6.7,153,66,10.6,5.2,10,15,0.7,1,332,114,22.9,7.9,863,291,59.6,11.3,52,54,3.6,3.7,39,31,2.7,2.3,18.4,2.6,(X),(X),61521,8759,(X),(X)
1400000US25025020200,25025020200,"Census Tract 202, Suffolk County, Massachusetts",33.6,6,54228,11335,2835,332,80.5,5.2,2815,334,79.9,5.4,2685,328,76.2,5.5,130,75,3.7,2.1,688,205,19.5,5.2,(X),(X),4.6,2.6,1732,323,79,6.6,1732,323,79,6.6,1694,321,77.3,6.8,369,131,14.2,5.2,36,32,1.4,1.2,607,177,23.4,6.6,1290,227,49.7,6.7,190,158,7.3,5.6,105,72,4,2.7,20.4,2.6,(X),(X),77575,10430,(X),(X)
1400000US25025010600,25025010600,"Census Tract 106, Suffolk County, Massachusetts",29.3,5.5,68080,10050,1865,235,69.4,5.4,1865,235,69.4,5.4,1795,252,66.8,5.9,70,56,2.6,2.2,824,155,30.6,5.4,(X),(X),3.8,3.2,659,126,53.2,8.3,659,126,53.2,8.3,612,124,49.4,7.9,383,133,21.5,7.3,22,24,1.2,1.3,605,136,33.9,7.4,597,231,33.4,10.4,104,75,5.8,4.2,74,49,4.1,2.7,21.5,2.7,(X),(X),149006,30018,(X),(X)
1400000US25025010500,25025010500,"Census Tract 105, Suffolk County, Massachusetts",29.5,2.8,36017,10488,1841,328,55.3,7.1,1841,328,55.3,7.1,1700,312,51.1,7.4,141,56,4.2,1.5,1489,320,44.7,7.1,(X),(X),7.7,2.9,816,207,50.9,8.2,816,207,50.9,8.2,748,207,46.7,8.8,130,75,7.9,5.1,120,128,7.3,8.1,426,163,26,9.2,783,316,47.7,14.4,79,60,4.8,3.5,102,74,6.2,4.6,21.7,4.9,(X),(X),85710,16185,(X),(X)
1400000US25025010300,25025010300,"Census Tract 103, Suffolk County, Massachusetts",50.0+,***,26397,6891,3117,1225,53.4,7.2,3117,1225,53.4,7.2,2704,1048,46.3,7,413,395,7.1,6,2721,787,46.6,7.2,(X),(X),13.2,10.7,2463,1058,56.9,9.7,2463,1058,56.9,9.7,2218,983,51.2,7.4,73,66,2.7,2.5,244,359,9.1,12,669,472,24.9,16.1,1402,557,52.2,6.7,18,26,0.7,1.1,279,194,10.4,6.5,16.8,5.7,(X),(X),36223,10610,(X),(X)
1400000US25025000802,25025000802,"Census Tract 8.02, Suffolk County, Massachusetts",43.9,8.2,36734,6532,5623,703,71.6,4.4,5623,703,71.6,4.4,5223,692,66.5,4.7,400,193,5.1,2.4,2226,349,28.4,4.4,(X),(X),7.1,3.4,2579,380,67.4,6.2,2579,380,67.4,6.2,2337,372,61.1,6.4,1202,287,23.5,5.7,274,175,5.4,3.2,2271,465,44.4,6.5,1005,346,19.6,5.9,186,159,3.6,3,181,121,3.5,2.4,29.4,2.3,(X),(X),56938,10464,(X),(X)
1400000US25025000701,25025000701,"Census Tract 7.01, Suffolk County, Massachusetts",32.7,3.3,53083,13509,3244,425,79.4,5.3,3244,425,79.4,5.3,2959,413,72.4,6.9,285,222,7,5.3,844,228,20.6,5.3,(X),(X),8.8,6.5,1692,368,75.6,8,1692,368,75.6,8,1456,314,65.1,9.9,883,216,29.8,6.5,233,215,7.9,6.9,1188,301,40.1,9.3,379,176,12.8,5.6,54,53,1.8,1.9,222,154,7.5,5.1,33.8,2.6,(X),(X),58740,7561,(X),(X)
1400000US25025050101,25025050101,"Census Tract 501.01, Suffolk County, Massachusetts",31.7,5.3,30274,7131,2780,452,67.5,4.6,2780,452,67.5,4.6,2490,410,60.4,5,290,130,7,2.9,1340,240,32.5,4.6,(X),(X),10.4,4.2,1148,175,63,6.6,1148,175,63,6.6,1034,181,56.7,7.5,647,172,26,6.8,397,150,16,5.8,1061,282,42.7,7.9,284,162,11.4,5.7,0,127,0,1.5,96,73,3.9,2.9,30.4,2.9,(X),(X),40691,4414,(X),(X)
1400000US25025050901,25025050901,"Census Tract 509.01, Suffolk County, Massachusetts",40.7,13.4,39893,22761,2377,324,68.6,6.1,2377,324,68.6,6.1,2208,319,63.7,6,169,90,4.9,2.6,1089,247,31.4,6.1,(X),(X),7.1,3.7,842,156,54.6,10.3,842,156,54.6,10.3,774,155,50.2,10.1,708,189,32.5,8.3,343,189,15.8,8.1,954,268,43.8,9.8,172,95,7.9,4.3,0,127,0,1.7,0,127,0,1.7,30.6,3.9,(X),(X),56523,7811,(X),(X)
1400000US25025060501,25025060501,"Census Tract 605.01, Suffolk County, Massachusetts",24.6,2.6,89922,13875,2547,217,82.9,4,2547,217,82.9,4,2447,202,79.7,4.6,100,65,3.3,2,524,142,17.1,4,(X),(X),3.9,2.5,1554,158,83.9,4.9,1554,158,83.9,4.9,1482,153,80,5.9,1244,213,51.6,7.4,84,60,3.5,2.5,677,187,28.1,7.5,272,105,11.3,4.2,44,40,1.8,1.7,89,63,3.7,2.6,25,2,(X),(X),103071,12929,(X),(X)
1400000US25025040100,25025040100,"Census Tract 401, Suffolk County, Massachusetts",19.7,3.9,120250,29293,1528,139,78,5.3,1528,139,78,5.3,1498,137,76.5,5.7,30,28,1.5,1.4,430,107,22,5.3,(X),(X),2,1.8,698,109,72,9.5,698,109,72,9.5,678,111,69.9,10,709,130,48.5,7.5,57,50,3.9,3.5,223,113,15.3,7.2,350,132,23.9,8.3,44,32,3,2.2,79,72,5.4,5,25.4,3.2,(X),(X),145691,19311,(X),(X)
1400000US25025040600,25025040600,"Census Tract 406, Suffolk County, Massachusetts",22.1,6.4,108060,24918,1780,182,80.1,5.5,1780,182,80.1,5.5,1698,171,76.4,5.1,82,48,3.7,2.1,442,143,19.9,5.5,(X),(X),4.6,2.6,889,125,81.9,6.5,889,125,81.9,6.5,852,113,78.5,6.6,838,152,51.6,7.8,119,88,7.3,5.4,477,132,29.4,8,58,49,3.6,3,7,13,0.4,0.8,126,70,7.8,4.2,24.3,2.6,(X),(X),125099,17422,(X),(X)
1400000US25025000602,25025000602,"Census Tract 6.02, Suffolk County, Massachusetts",29.4,1.8,25476,9934,2202,556,61.1,9.8,2202,556,61.1,9.8,2148,539,59.6,9.6,54,54,1.5,1.4,1404,285,38.9,9.8,(X),(X),2.5,2.3,1042,223,51.7,9.5,1042,223,51.7,9.5,1022,224,50.7,9.6,815,250,38.6,11,16,27,0.8,1.3,1102,479,52.2,13.4,28,36,1.3,1.7,132,83,6.2,4.2,20,33,0.9,1.6,31.5,2.7,(X),(X),42688,9047,(X),(X)
1400000US25025000601,25025000601,"Census Tract 6.01, Suffolk County, Massachusetts",27.5,4.2,60343,7556,2433,318,74.2,5.6,2433,318,74.2,5.6,2330,313,71.1,5.8,103,66,3.1,2,845,202,25.8,5.6,(X),(X),4.2,2.7,881,165,59.2,9,881,165,59.2,9,864,166,58,9,1096,205,47.6,7,231,102,10,4.3,665,196,28.9,6.5,113,82,4.9,3.5,23,27,1,1.2,175,73,7.6,3.4,25.6,2,(X),(X),77744,8955,(X),(X)
1400000US25025000502,25025000502,"Census Tract 5.02, Suffolk County, Massachusetts",33.5,5.8,51875,7217,2163,297,52.3,7.1,2151,297,52,7,2048,302,49.5,7.1,103,76,2.5,1.8,1972,508,47.7,7.1,(X),(X),4.8,3.5,1264,200,54.5,6.7,1252,201,53.9,6.7,1158,205,49.9,7,339,99,16.6,5.6,125,76,6.1,3.9,786,203,38.4,8.8,492,206,24,8.2,109,69,5.3,3.4,197,130,9.6,5.8,28.1,3.4,(X),(X),59694,8565,(X),(X)
1400000US25025000402,25025000402,"Census Tract 4.02, Suffolk County, Massachusetts",41.7,8.3,57530,9698,2285,309,70.2,6.5,2285,309,70.2,6.5,2162,304,66.4,6.3,123,63,3.8,2,971,298,29.8,6.5,(X),(X),5.4,2.7,813,233,60.9,10.7,813,233,60.9,10.7,777,228,58.2,10.7,982,195,45.7,8.8,123,130,5.7,6.2,786,260,36.6,10.5,88,50,4.1,2.4,32,50,1.5,2.3,138,130,6.4,5.5,35.1,4.3,(X),(X),76446,10100,(X),(X)
1400000US25025000401,25025000401,"Census Tract 4.01, Suffolk County, Massachusetts",28.5,1.4,42136,8699,3169,393,62.7,4.8,3169,393,62.7,4.8,3059,382,60.5,4.9,110,105,2.2,2.1,1887,281,37.3,4.8,(X),(X),3.5,3.2,1549,282,56,7,1549,282,56,7,1549,282,56,7,1006,226,34.1,7.9,152,111,5.2,3.8,1381,399,46.9,9.5,119,85,4,2.9,201,123,6.8,4.1,87,87,3,3,32.3,2.6,(X),(X),52436,5151,(X),(X)
1400000US25025000202,25025000202,"Census Tract 2.02, Suffolk County, Massachusetts",24.3,5.3,54151,16721,2491,393,71.5,6.5,2491,393,71.5,6.5,2395,394,68.7,7.1,96,76,2.8,2.2,993,210,28.5,6.5,(X),(X),3.9,3.1,1172,270,66.2,9,1172,270,66.2,9,1130,271,63.8,9.4,1493,276,64.5,7.1,98,55,4.2,2.4,500,229,21.6,8,193,103,8.3,4.4,0,127,0,1.6,29,33,1.3,1.5,25.2,2.6,(X),(X),74071,8704,(X),(X)
1400000US25025000201,25025000201,"Census Tract 2.01, Suffolk County, Massachusetts",25.4,2,68010,4442,2700,375,79.5,6.7,2700,375,79.5,6.7,2607,342,76.7,7.1,93,75,2.7,2,698,261,20.5,6.7,(X),(X),3.4,2.6,1289,220,75.6,9.8,1289,220,75.6,9.8,1246,215,73.1,11.1,1506,309,59.6,7,139,68,5.5,2.7,573,188,22.7,6.5,219,111,8.7,4.6,10,15,0.4,0.6,78,56,3.1,2.3,29.9,3.5,(X),(X),82658,7925,(X),(X)
1400000US25025040401,25025040401,"Census Tract 404.01, Suffolk County, Massachusetts",21.1,5.6,70026,15228,1468,145,68.7,4.9,1468,145,68.7,4.9,1304,152,61,6.4,164,90,7.7,4.1,670,133,31.3,4.9,(X),(X),11.2,6,807,120,69.9,9.1,807,120,69.9,9.1,696,97,60.3,8.2,455,137,35.4,8.9,228,130,17.7,9.5,361,137,28.1,10.4,207,66,16.1,5.7,9,16,0.7,1.3,25,30,1.9,2.3,21.8,3.3,(X),(X),98901,17325,(X),(X)
1400000US25025020303,25025020303,"Census Tract 203.03, Suffolk County, Massachusetts",29.1,5.8,87244,26321,1513,206,52.6,8.6,1513,206,52.6,8.6,1435,197,49.9,8,78,65,2.7,2.3,1364,428,47.4,8.6,(X),(X),5.2,4.1,717,149,64.8,12,717,149,64.8,12,665,144,60.1,11.8,291,120,20.8,7.8,11,18,0.8,1.3,284,119,20.3,7.7,665,168,47.5,10.4,92,77,6.6,5.2,57,45,4.1,3.3,20.5,2.8,(X),(X),149314,34838,(X),(X)
1400000US25025070402,25025070402,"Census Tract 704.02, Suffolk County, Massachusetts",35.7,2.4,16638,2003,776,156,49.8,8.3,776,156,49.8,8.3,591,128,38,7.3,185,102,11.9,6.3,781,156,50.2,8.3,(X),(X),23.8,11.4,321,65,42.4,9.9,321,65,42.4,9.9,262,69,34.6,9.9,285,90,49.1,11.9,38,39,6.5,6.6,131,60,22.5,10.3,90,68,15.5,11.4,37,44,6.4,7,0,127,0,6.2,31.2,8.3,(X),(X),29418,5077,(X),(X)
1400000US25025020302,25025020302,"Census Tract 203.02, Suffolk County, Massachusetts",28.3,8.9,62302,50206,811,203,80.6,10.6,811,203,80.6,10.6,765,187,76,10.1,46,55,4.6,5.2,195,104,19.4,10.6,(X),(X),5.7,6.3,495,138,77,13.4,495,138,77,13.4,468,142,72.8,15,99,79,14.5,11.1,0,127,0,5.3,150,86,21.9,12.8,411,190,60,16,0,127,0,5.3,25,41,3.6,5.8,20.5,4.1,(X),(X),102046,32550,(X),(X)
1400000US25025020301,25025020301,"Census Tract 203.01, Suffolk County, Massachusetts",29,3.5,60347,16663,1359,213,62.9,11.2,1359,213,62.9,11.2,1283,211,59.4,10.9,76,51,3.5,2.4,802,357,37.1,11.2,(X),(X),5.6,3.7,711,147,66,12.2,711,147,66,12.2,635,132,58.9,11.9,161,120,12.5,8.3,98,57,7.6,4.6,360,150,28.1,11.5,656,161,51.1,10,0,127,0,2.9,8,16,0.6,1.3,19.3,3.8,(X),(X),84445,11207,(X),(X)
1400000US25025020101,25025020101,"Census Tract 201.01, Suffolk County, Massachusetts",26.5,2.1,93244,11249,3037,332,80.2,4.3,3037,332,80.2,4.3,2940,316,77.7,4.4,97,95,2.6,2.5,748,172,19.8,4.3,(X),(X),3.2,3,1542,267,75.3,7.1,1542,267,75.3,7.1,1508,260,73.6,7.1,390,136,13.8,4.4,56,49,2,1.8,370,135,13.1,4.4,1779,270,63,5.9,32,38,1.1,1.3,197,86,7,3.1,18.9,2.3,(X),(X),154922,36024,(X),(X)
1400000US25025081001,25025081001,"Census Tract 810.01, Suffolk County, Massachusetts",29.6,2.8,32835,8122,2567,348,60,7.2,2567,348,60,7.2,2361,316,55.2,7,206,116,4.8,2.6,1712,434,40,7.2,(X),(X),8,4.2,1354,298,61.2,8.6,1354,298,61.2,8.6,1289,296,58.3,8.8,513,188,22.7,8.3,52,50,2.3,2.2,914,226,40.4,8.6,672,255,29.7,9.7,54,52,2.4,2.2,59,50,2.6,2.2,23.7,2,(X),(X),46989,8731,(X),(X)
1400000US25025010403,25025010403,"Census Tract 104.03, Suffolk County, Massachusetts",47.9,9.4,20365,7454,1999,358,66.2,8.5,1999,358,66.2,8.5,1710,369,56.6,8.8,289,128,9.6,4.5,1020,271,33.8,8.5,(X),(X),14.5,6.7,728,174,60.8,9.6,728,174,60.8,9.6,556,156,46.4,9.6,275,103,16.5,7.2,0,127,0,2.2,595,184,35.7,8.9,731,309,43.9,11.5,11,18,0.7,1.1,53,40,3.2,2.5,23.4,3,(X),(X),49051,9097,(X),(X)
1400000US25025000100,25025000100,"Census Tract 1, Suffolk County, Massachusetts",31.7,8.8,55179,6282,2430,410,76.4,5.5,2390,411,75.1,5.7,2299,389,72.3,5.6,91,67,2.9,2,752,158,23.6,5.5,(X),(X),3.8,2.7,929,195,65.9,8,895,189,63.5,8.5,885,186,62.8,8.4,1182,347,52.2,11,257,125,11.3,5.9,421,228,18.6,9.6,251,128,11.1,5.9,124,69,5.5,2.7,30,45,1.3,2,25.2,2.8,(X),(X),65017,7608,(X),(X)
